date,hits,search_term
6/2/2013,66,Monash University
6/9/2013,76,Monash University
6/16/2013,74,Monash University
6/23/2013,65,Monash University
6/30/2013,57,Monash University
7/7/2013,62,Monash University
7/14/2013,79,Monash University
7/21/2013,81,Monash University
7/28/2013,100,Monash University
8/4/2013,83,Monash University
8/11/2013,76,Monash University
8/18/2013,75,Monash University
8/25/2013,75,Monash University
9/1/2013,67,Monash University
9/8/2013,75,Monash University
9/15/2013,68,Monash University
9/22/2013,68,Monash University
9/29/2013,63,Monash University
10/6/2013,70,Monash University
10/13/2013,75,Monash University
10/20/2013,69,Monash University
10/27/2013,61,Monash University
11/3/2013,60,Monash University
11/10/2013,62,Monash University
11/17/2013,56,Monash University
11/24/2013,57,Monash University
12/1/2013,53,Monash University
12/8/2013,56,Monash University
12/15/2013,62,Monash University
12/22/2013,37,Monash University
12/29/2013,43,Monash University
1/5/2014,56,Monash University
1/12/2014,70,Monash University
1/19/2014,68,Monash University
1/26/2014,61,Monash University
2/2/2014,60,Monash University
2/9/2014,59,Monash University
2/16/2014,67,Monash University
2/23/2014,76,Monash University
3/2/2014,79,Monash University
3/9/2014,68,Monash University
3/16/2014,60,Monash University
3/23/2014,65,Monash University
3/30/2014,62,Monash University
4/6/2014,58,Monash University
4/13/2014,54,Monash University
4/20/2014,55,Monash University
4/27/2014,55,Monash University
5/4/2014,60,Monash University
5/11/2014,58,Monash University
5/18/2014,62,Monash University
5/25/2014,61,Monash University
6/1/2014,54,Monash University
6/8/2014,48,Monash University
6/15/2014,51,Monash University
6/22/2014,49,Monash University
6/29/2014,45,Monash University
7/6/2014,54,Monash University
7/13/2014,61,Monash University
7/20/2014,74,Monash University
7/27/2014,82,Monash University
8/3/2014,66,Monash University
8/10/2014,64,Monash University
8/17/2014,62,Monash University
8/24/2014,58,Monash University
8/31/2014,52,Monash University
9/7/2014,50,Monash University
9/14/2014,57,Monash University
9/21/2014,52,Monash University
9/28/2014,48,Monash University
10/5/2014,50,Monash University
10/12/2014,56,Monash University
10/19/2014,54,Monash University
10/26/2014,56,Monash University
11/2/2014,49,Monash University
11/9/2014,50,Monash University
11/16/2014,48,Monash University
11/23/2014,46,Monash University
11/30/2014,43,Monash University
12/7/2014,45,Monash University
12/14/2014,52,Monash University
12/21/2014,36,Monash University
12/28/2014,36,Monash University
1/4/2015,49,Monash University
1/11/2015,51,Monash University
1/18/2015,57,Monash University
1/25/2015,53,Monash University
2/1/2015,55,Monash University
2/8/2015,52,Monash University
2/15/2015,53,Monash University
2/22/2015,62,Monash University
3/1/2015,66,Monash University
3/8/2015,55,Monash University
3/15/2015,52,Monash University
3/22/2015,47,Monash University
3/29/2015,45,Monash University
4/5/2015,43,Monash University
4/12/2015,51,Monash University
4/19/2015,53,Monash University
4/26/2015,53,Monash University
5/3/2015,54,Monash University
5/10/2015,57,Monash University
5/17/2015,54,Monash University
5/24/2015,49,Monash University
5/31/2015,46,Monash University
6/7/2015,45,Monash University
6/14/2015,48,Monash University
6/21/2015,44,Monash University
6/28/2015,44,Monash University
7/5/2015,45,Monash University
7/12/2015,53,Monash University
7/19/2015,54,Monash University
7/26/2015,69,Monash University
8/2/2015,61,Monash University
8/9/2015,56,Monash University
8/16/2015,53,Monash University
8/23/2015,51,Monash University
8/30/2015,51,Monash University
9/6/2015,48,Monash University
9/13/2015,48,Monash University
9/20/2015,46,Monash University
9/27/2015,42,Monash University
10/4/2015,46,Monash University
10/11/2015,53,Monash University
10/18/2015,51,Monash University
10/25/2015,48,Monash University
11/1/2015,44,Monash University
11/8/2015,44,Monash University
11/15/2015,42,Monash University
11/22/2015,44,Monash University
11/29/2015,41,Monash University
12/6/2015,43,Monash University
12/13/2015,55,Monash University
12/20/2015,35,Monash University
12/27/2015,36,Monash University
1/3/2016,44,Monash University
1/10/2016,49,Monash University
1/17/2016,63,Monash University
1/24/2016,48,Monash University
1/31/2016,55,Monash University
2/7/2016,53,Monash University
2/14/2016,51,Monash University
2/21/2016,63,Monash University
2/28/2016,58,Monash University
3/6/2016,53,Monash University
3/13/2016,53,Monash University
3/20/2016,44,Monash University
3/27/2016,44,Monash University
4/3/2016,49,Monash University
4/10/2016,54,Monash University
4/17/2016,48,Monash University
4/24/2016,47,Monash University
5/1/2016,49,Monash University
5/8/2016,50,Monash University
5/15/2016,57,Monash University
5/22/2016,55,Monash University
5/29/2016,46,Monash University
6/5/2016,50,Monash University
6/12/2016,46,Monash University
6/19/2016,45,Monash University
6/26/2016,42,Monash University
7/3/2016,50,Monash University
7/10/2016,44,Monash University
7/17/2016,46,Monash University
7/24/2016,54,Monash University
7/31/2016,69,Monash University
8/7/2016,56,Monash University
8/14/2016,46,Monash University
8/21/2016,49,Monash University
8/28/2016,50,Monash University
9/4/2016,52,Monash University
9/11/2016,47,Monash University
9/18/2016,44,Monash University
9/25/2016,44,Monash University
10/2/2016,46,Monash University
10/9/2016,50,Monash University
10/16/2016,43,Monash University
10/23/2016,43,Monash University
10/30/2016,49,Monash University
11/6/2016,42,Monash University
11/13/2016,42,Monash University
11/20/2016,37,Monash University
11/27/2016,44,Monash University
12/4/2016,40,Monash University
12/11/2016,45,Monash University
12/18/2016,37,Monash University
12/25/2016,24,Monash University
1/1/2017,38,Monash University
1/8/2017,42,Monash University
1/15/2017,53,Monash University
1/22/2017,49,Monash University
1/29/2017,50,Monash University
2/5/2017,57,Monash University
2/12/2017,50,Monash University
2/19/2017,60,Monash University
2/26/2017,62,Monash University
3/5/2017,57,Monash University
3/12/2017,52,Monash University
3/19/2017,52,Monash University
3/26/2017,51,Monash University
4/2/2017,44,Monash University
4/9/2017,50,Monash University
4/16/2017,41,Monash University
4/23/2017,46,Monash University
4/30/2017,50,Monash University
5/7/2017,45,Monash University
5/14/2017,51,Monash University
5/21/2017,53,Monash University
5/28/2017,46,Monash University
6/4/2017,40,Monash University
6/11/2017,47,Monash University
6/18/2017,45,Monash University
6/25/2017,43,Monash University
7/2/2017,44,Monash University
7/9/2017,47,Monash University
7/16/2017,45,Monash University
7/23/2017,51,Monash University
7/30/2017,54,Monash University
8/6/2017,50,Monash University
8/13/2017,54,Monash University
8/20/2017,56,Monash University
8/27/2017,45,Monash University
9/3/2017,48,Monash University
9/10/2017,50,Monash University
9/17/2017,44,Monash University
9/24/2017,39,Monash University
10/1/2017,44,Monash University
10/8/2017,44,Monash University
10/15/2017,46,Monash University
10/22/2017,43,Monash University
10/29/2017,45,Monash University
11/5/2017,43,Monash University
11/12/2017,43,Monash University
11/19/2017,38,Monash University
11/26/2017,41,Monash University
12/3/2017,40,Monash University
12/10/2017,43,Monash University
12/17/2017,42,Monash University
12/24/2017,27,Monash University
12/31/2017,38,Monash University
1/7/2018,44,Monash University
1/14/2018,52,Monash University
1/21/2018,48,Monash University
1/28/2018,48,Monash University
2/4/2018,51,Monash University
2/11/2018,51,Monash University
2/18/2018,54,Monash University
2/25/2018,54,Monash University
3/4/2018,47,Monash University
3/11/2018,47,Monash University
3/18/2018,45,Monash University
3/25/2018,47,Monash University
4/1/2018,41,Monash University
4/8/2018,44,Monash University
4/15/2018,47,Monash University
4/22/2018,38,Monash University
4/29/2018,41,Monash University
5/6/2018,39,Monash University
5/13/2018,39,Monash University
5/20/2018,43,Monash University
6/2/2013,1,Blockchain
6/9/2013,1,Blockchain
6/16/2013,1,Blockchain
6/23/2013,1,Blockchain
6/30/2013,1,Blockchain
7/7/2013,1,Blockchain
7/14/2013,1,Blockchain
7/21/2013,1,Blockchain
7/28/2013,1,Blockchain
8/4/2013,1,Blockchain
8/11/2013,1,Blockchain
8/18/2013,1,Blockchain
8/25/2013,1,Blockchain
9/1/2013,1,Blockchain
9/8/2013,1,Blockchain
9/15/2013,1,Blockchain
9/22/2013,1,Blockchain
9/29/2013,1,Blockchain
10/6/2013,1,Blockchain
10/13/2013,1,Blockchain
10/20/2013,1,Blockchain
10/27/2013,1,Blockchain
11/3/2013,2,Blockchain
11/10/2013,2,Blockchain
11/17/2013,4,Blockchain
11/24/2013,5,Blockchain
12/1/2013,4,Blockchain
12/8/2013,3,Blockchain
12/15/2013,4,Blockchain
12/22/2013,3,Blockchain
12/29/2013,3,Blockchain
1/5/2014,3,Blockchain
1/12/2014,2,Blockchain
1/19/2014,3,Blockchain
1/26/2014,3,Blockchain
2/2/2014,3,Blockchain
2/9/2014,4,Blockchain
2/16/2014,3,Blockchain
2/23/2014,4,Blockchain
3/2/2014,3,Blockchain
3/9/2014,2,Blockchain
3/16/2014,3,Blockchain
3/23/2014,2,Blockchain
3/30/2014,2,Blockchain
4/6/2014,2,Blockchain
4/13/2014,2,Blockchain
4/20/2014,2,Blockchain
4/27/2014,2,Blockchain
5/4/2014,2,Blockchain
5/11/2014,2,Blockchain
5/18/2014,2,Blockchain
5/25/2014,2,Blockchain
6/1/2014,3,Blockchain
6/8/2014,2,Blockchain
6/15/2014,2,Blockchain
6/22/2014,2,Blockchain
6/29/2014,2,Blockchain
7/6/2014,2,Blockchain
7/13/2014,2,Blockchain
7/20/2014,2,Blockchain
7/27/2014,2,Blockchain
8/3/2014,2,Blockchain
8/10/2014,3,Blockchain
8/17/2014,3,Blockchain
8/24/2014,2,Blockchain
8/31/2014,2,Blockchain
9/7/2014,2,Blockchain
9/14/2014,2,Blockchain
9/21/2014,2,Blockchain
9/28/2014,2,Blockchain
10/5/2014,2,Blockchain
10/12/2014,2,Blockchain
10/19/2014,2,Blockchain
10/26/2014,2,Blockchain
11/2/2014,2,Blockchain
11/9/2014,2,Blockchain
11/16/2014,2,Blockchain
11/23/2014,2,Blockchain
11/30/2014,2,Blockchain
12/7/2014,2,Blockchain
12/14/2014,3,Blockchain
12/21/2014,2,Blockchain
12/28/2014,2,Blockchain
1/4/2015,3,Blockchain
1/11/2015,3,Blockchain
1/18/2015,3,Blockchain
1/25/2015,3,Blockchain
2/1/2015,2,Blockchain
2/8/2015,2,Blockchain
2/15/2015,2,Blockchain
2/22/2015,2,Blockchain
3/1/2015,2,Blockchain
3/8/2015,2,Blockchain
3/15/2015,2,Blockchain
3/22/2015,2,Blockchain
3/29/2015,2,Blockchain
4/5/2015,2,Blockchain
4/12/2015,2,Blockchain
4/19/2015,2,Blockchain
4/26/2015,2,Blockchain
5/3/2015,3,Blockchain
5/10/2015,3,Blockchain
5/17/2015,2,Blockchain
5/24/2015,3,Blockchain
5/31/2015,3,Blockchain
6/7/2015,3,Blockchain
6/14/2015,3,Blockchain
6/21/2015,2,Blockchain
6/28/2015,3,Blockchain
7/5/2015,4,Blockchain
7/12/2015,3,Blockchain
7/19/2015,3,Blockchain
7/26/2015,3,Blockchain
8/2/2015,3,Blockchain
8/9/2015,3,Blockchain
8/16/2015,3,Blockchain
8/23/2015,4,Blockchain
8/30/2015,4,Blockchain
9/6/2015,3,Blockchain
9/13/2015,4,Blockchain
9/20/2015,4,Blockchain
9/27/2015,4,Blockchain
10/4/2015,4,Blockchain
10/11/2015,4,Blockchain
10/18/2015,5,Blockchain
10/25/2015,7,Blockchain
11/1/2015,7,Blockchain
11/8/2015,6,Blockchain
11/15/2015,6,Blockchain
11/22/2015,5,Blockchain
11/29/2015,6,Blockchain
12/6/2015,6,Blockchain
12/13/2015,8,Blockchain
12/20/2015,7,Blockchain
12/27/2015,6,Blockchain
1/3/2016,6,Blockchain
1/10/2016,6,Blockchain
1/17/2016,7,Blockchain
1/24/2016,7,Blockchain
1/31/2016,7,Blockchain
2/7/2016,7,Blockchain
2/14/2016,8,Blockchain
2/21/2016,8,Blockchain
2/28/2016,8,Blockchain
3/6/2016,8,Blockchain
3/13/2016,7,Blockchain
3/20/2016,7,Blockchain
3/27/2016,8,Blockchain
4/3/2016,8,Blockchain
4/10/2016,9,Blockchain
4/17/2016,8,Blockchain
4/24/2016,10,Blockchain
5/1/2016,10,Blockchain
5/8/2016,11,Blockchain
5/15/2016,10,Blockchain
5/22/2016,10,Blockchain
5/29/2016,11,Blockchain
6/5/2016,10,Blockchain
6/12/2016,12,Blockchain
6/19/2016,11,Blockchain
6/26/2016,10,Blockchain
7/3/2016,11,Blockchain
7/10/2016,10,Blockchain
7/17/2016,10,Blockchain
7/24/2016,10,Blockchain
7/31/2016,10,Blockchain
8/7/2016,8,Blockchain
8/14/2016,9,Blockchain
8/21/2016,12,Blockchain
8/28/2016,10,Blockchain
9/4/2016,11,Blockchain
9/11/2016,11,Blockchain
9/18/2016,12,Blockchain
9/25/2016,11,Blockchain
10/2/2016,11,Blockchain
10/9/2016,14,Blockchain
10/16/2016,13,Blockchain
10/23/2016,13,Blockchain
10/30/2016,13,Blockchain
11/6/2016,14,Blockchain
11/13/2016,15,Blockchain
11/20/2016,15,Blockchain
11/27/2016,14,Blockchain
12/4/2016,15,Blockchain
12/11/2016,14,Blockchain
12/18/2016,13,Blockchain
12/25/2016,11,Blockchain
1/1/2017,15,Blockchain
1/8/2017,15,Blockchain
1/15/2017,15,Blockchain
1/22/2017,16,Blockchain
1/29/2017,15,Blockchain
2/5/2017,16,Blockchain
2/12/2017,16,Blockchain
2/19/2017,17,Blockchain
2/26/2017,19,Blockchain
3/5/2017,19,Blockchain
3/12/2017,17,Blockchain
3/19/2017,19,Blockchain
3/26/2017,18,Blockchain
4/2/2017,18,Blockchain
4/9/2017,17,Blockchain
4/16/2017,17,Blockchain
4/23/2017,18,Blockchain
4/30/2017,20,Blockchain
5/7/2017,22,Blockchain
5/14/2017,25,Blockchain
5/21/2017,30,Blockchain
5/28/2017,27,Blockchain
6/4/2017,30,Blockchain
6/11/2017,30,Blockchain
6/18/2017,30,Blockchain
6/25/2017,29,Blockchain
7/2/2017,27,Blockchain
7/9/2017,26,Blockchain
7/16/2017,27,Blockchain
7/23/2017,27,Blockchain
7/30/2017,27,Blockchain
8/6/2017,28,Blockchain
8/13/2017,32,Blockchain
8/20/2017,33,Blockchain
8/27/2017,34,Blockchain
9/3/2017,35,Blockchain
9/10/2017,37,Blockchain
9/17/2017,36,Blockchain
9/24/2017,36,Blockchain
10/1/2017,36,Blockchain
10/8/2017,42,Blockchain
10/15/2017,45,Blockchain
10/22/2017,45,Blockchain
10/29/2017,48,Blockchain
11/5/2017,52,Blockchain
11/12/2017,51,Blockchain
11/19/2017,52,Blockchain
11/26/2017,71,Blockchain
12/3/2017,86,Blockchain
12/10/2017,89,Blockchain
12/17/2017,100,Blockchain
12/24/2017,71,Blockchain
12/31/2017,74,Blockchain
1/7/2018,92,Blockchain
1/14/2018,84,Blockchain
1/21/2018,72,Blockchain
1/28/2018,65,Blockchain
2/4/2018,59,Blockchain
2/11/2018,55,Blockchain
2/18/2018,58,Blockchain
2/25/2018,55,Blockchain
3/4/2018,52,Blockchain
3/11/2018,52,Blockchain
3/18/2018,52,Blockchain
3/25/2018,48,Blockchain
4/1/2018,42,Blockchain
4/8/2018,45,Blockchain
4/15/2018,46,Blockchain
4/22/2018,47,Blockchain
4/29/2018,45,Blockchain
5/6/2018,47,Blockchain
5/13/2018,52,Blockchain
5/20/2018,46,Blockchain
6/2/2013,42,Artificial intelligence
6/9/2013,40,Artificial intelligence
6/16/2013,37,Artificial intelligence
6/23/2013,38,Artificial intelligence
6/30/2013,39,Artificial intelligence
7/7/2013,38,Artificial intelligence
7/14/2013,40,Artificial intelligence
7/21/2013,37,Artificial intelligence
7/28/2013,38,Artificial intelligence
8/4/2013,39,Artificial intelligence
8/11/2013,40,Artificial intelligence
8/18/2013,40,Artificial intelligence
8/25/2013,39,Artificial intelligence
9/1/2013,39,Artificial intelligence
9/8/2013,38,Artificial intelligence
9/15/2013,39,Artificial intelligence
9/22/2013,40,Artificial intelligence
9/29/2013,39,Artificial intelligence
10/6/2013,39,Artificial intelligence
10/13/2013,38,Artificial intelligence
10/20/2013,39,Artificial intelligence
10/27/2013,40,Artificial intelligence
11/3/2013,37,Artificial intelligence
11/10/2013,39,Artificial intelligence
11/17/2013,38,Artificial intelligence
11/24/2013,40,Artificial intelligence
12/1/2013,38,Artificial intelligence
12/8/2013,39,Artificial intelligence
12/15/2013,34,Artificial intelligence
12/22/2013,39,Artificial intelligence
12/29/2013,36,Artificial intelligence
1/5/2014,39,Artificial intelligence
1/12/2014,38,Artificial intelligence
1/19/2014,38,Artificial intelligence
1/26/2014,38,Artificial intelligence
2/2/2014,38,Artificial intelligence
2/9/2014,37,Artificial intelligence
2/16/2014,39,Artificial intelligence
2/23/2014,37,Artificial intelligence
3/2/2014,39,Artificial intelligence
3/9/2014,37,Artificial intelligence
3/16/2014,37,Artificial intelligence
3/23/2014,37,Artificial intelligence
3/30/2014,37,Artificial intelligence
4/6/2014,38,Artificial intelligence
4/13/2014,36,Artificial intelligence
4/20/2014,38,Artificial intelligence
4/27/2014,36,Artificial intelligence
5/4/2014,39,Artificial intelligence
5/11/2014,37,Artificial intelligence
5/18/2014,37,Artificial intelligence
5/25/2014,37,Artificial intelligence
6/1/2014,36,Artificial intelligence
6/8/2014,37,Artificial intelligence
6/15/2014,34,Artificial intelligence
6/22/2014,35,Artificial intelligence
6/29/2014,34,Artificial intelligence
7/6/2014,34,Artificial intelligence
7/13/2014,35,Artificial intelligence
7/20/2014,35,Artificial intelligence
7/27/2014,33,Artificial intelligence
8/3/2014,37,Artificial intelligence
8/10/2014,37,Artificial intelligence
8/17/2014,36,Artificial intelligence
8/24/2014,35,Artificial intelligence
8/31/2014,36,Artificial intelligence
9/7/2014,38,Artificial intelligence
9/14/2014,46,Artificial intelligence
9/21/2014,37,Artificial intelligence
9/28/2014,37,Artificial intelligence
10/5/2014,34,Artificial intelligence
10/12/2014,36,Artificial intelligence
10/19/2014,37,Artificial intelligence
10/26/2014,38,Artificial intelligence
11/2/2014,37,Artificial intelligence
11/9/2014,38,Artificial intelligence
11/16/2014,38,Artificial intelligence
11/23/2014,38,Artificial intelligence
11/30/2014,41,Artificial intelligence
12/7/2014,38,Artificial intelligence
12/14/2014,37,Artificial intelligence
12/21/2014,37,Artificial intelligence
12/28/2014,36,Artificial intelligence
1/4/2015,38,Artificial intelligence
1/11/2015,43,Artificial intelligence
1/18/2015,41,Artificial intelligence
1/25/2015,41,Artificial intelligence
2/1/2015,39,Artificial intelligence
2/8/2015,37,Artificial intelligence
2/15/2015,37,Artificial intelligence
2/22/2015,38,Artificial intelligence
3/1/2015,40,Artificial intelligence
3/8/2015,38,Artificial intelligence
3/15/2015,37,Artificial intelligence
3/22/2015,37,Artificial intelligence
3/29/2015,35,Artificial intelligence
4/5/2015,37,Artificial intelligence
4/12/2015,36,Artificial intelligence
4/19/2015,36,Artificial intelligence
4/26/2015,39,Artificial intelligence
5/3/2015,40,Artificial intelligence
5/10/2015,42,Artificial intelligence
5/17/2015,43,Artificial intelligence
5/24/2015,41,Artificial intelligence
5/31/2015,40,Artificial intelligence
6/7/2015,37,Artificial intelligence
6/14/2015,38,Artificial intelligence
6/21/2015,42,Artificial intelligence
6/28/2015,44,Artificial intelligence
7/5/2015,44,Artificial intelligence
7/12/2015,40,Artificial intelligence
7/19/2015,39,Artificial intelligence
7/26/2015,40,Artificial intelligence
8/2/2015,37,Artificial intelligence
8/9/2015,40,Artificial intelligence
8/16/2015,38,Artificial intelligence
8/23/2015,36,Artificial intelligence
8/30/2015,39,Artificial intelligence
9/6/2015,39,Artificial intelligence
9/13/2015,44,Artificial intelligence
9/20/2015,42,Artificial intelligence
9/27/2015,41,Artificial intelligence
10/4/2015,38,Artificial intelligence
10/11/2015,40,Artificial intelligence
10/18/2015,38,Artificial intelligence
10/25/2015,40,Artificial intelligence
11/1/2015,40,Artificial intelligence
11/8/2015,40,Artificial intelligence
11/15/2015,42,Artificial intelligence
11/22/2015,38,Artificial intelligence
11/29/2015,37,Artificial intelligence
12/6/2015,37,Artificial intelligence
12/13/2015,38,Artificial intelligence
12/20/2015,38,Artificial intelligence
12/27/2015,36,Artificial intelligence
1/3/2016,41,Artificial intelligence
1/10/2016,38,Artificial intelligence
1/17/2016,39,Artificial intelligence
1/24/2016,40,Artificial intelligence
1/31/2016,38,Artificial intelligence
2/7/2016,37,Artificial intelligence
2/14/2016,38,Artificial intelligence
2/21/2016,38,Artificial intelligence
2/28/2016,38,Artificial intelligence
3/6/2016,48,Artificial intelligence
3/13/2016,51,Artificial intelligence
3/20/2016,66,Artificial intelligence
3/27/2016,57,Artificial intelligence
4/3/2016,47,Artificial intelligence
4/10/2016,44,Artificial intelligence
4/17/2016,43,Artificial intelligence
4/24/2016,42,Artificial intelligence
5/1/2016,43,Artificial intelligence
5/8/2016,45,Artificial intelligence
5/15/2016,48,Artificial intelligence
5/22/2016,43,Artificial intelligence
5/29/2016,46,Artificial intelligence
6/5/2016,48,Artificial intelligence
6/12/2016,44,Artificial intelligence
6/19/2016,42,Artificial intelligence
6/26/2016,41,Artificial intelligence
7/3/2016,38,Artificial intelligence
7/10/2016,36,Artificial intelligence
7/17/2016,37,Artificial intelligence
7/24/2016,36,Artificial intelligence
7/31/2016,37,Artificial intelligence
8/7/2016,36,Artificial intelligence
8/14/2016,33,Artificial intelligence
8/21/2016,37,Artificial intelligence
8/28/2016,38,Artificial intelligence
9/4/2016,40,Artificial intelligence
9/11/2016,42,Artificial intelligence
9/18/2016,41,Artificial intelligence
9/25/2016,48,Artificial intelligence
10/2/2016,48,Artificial intelligence
10/9/2016,50,Artificial intelligence
10/16/2016,49,Artificial intelligence
10/23/2016,50,Artificial intelligence
10/30/2016,50,Artificial intelligence
11/6/2016,52,Artificial intelligence
11/13/2016,54,Artificial intelligence
11/20/2016,54,Artificial intelligence
11/27/2016,54,Artificial intelligence
12/4/2016,54,Artificial intelligence
12/11/2016,50,Artificial intelligence
12/18/2016,52,Artificial intelligence
12/25/2016,46,Artificial intelligence
1/1/2017,52,Artificial intelligence
1/8/2017,56,Artificial intelligence
1/15/2017,53,Artificial intelligence
1/22/2017,52,Artificial intelligence
1/29/2017,52,Artificial intelligence
2/5/2017,55,Artificial intelligence
2/12/2017,53,Artificial intelligence
2/19/2017,55,Artificial intelligence
2/26/2017,56,Artificial intelligence
3/5/2017,59,Artificial intelligence
3/12/2017,55,Artificial intelligence
3/19/2017,56,Artificial intelligence
3/26/2017,59,Artificial intelligence
4/2/2017,59,Artificial intelligence
4/9/2017,57,Artificial intelligence
4/16/2017,58,Artificial intelligence
4/23/2017,61,Artificial intelligence
4/30/2017,57,Artificial intelligence
5/7/2017,57,Artificial intelligence
5/14/2017,62,Artificial intelligence
5/21/2017,62,Artificial intelligence
5/28/2017,58,Artificial intelligence
6/4/2017,55,Artificial intelligence
6/11/2017,60,Artificial intelligence
6/18/2017,58,Artificial intelligence
6/25/2017,62,Artificial intelligence
7/2/2017,55,Artificial intelligence
7/9/2017,60,Artificial intelligence
7/16/2017,64,Artificial intelligence
7/23/2017,63,Artificial intelligence
7/30/2017,100,Artificial intelligence
8/6/2017,64,Artificial intelligence
8/13/2017,63,Artificial intelligence
8/20/2017,59,Artificial intelligence
8/27/2017,59,Artificial intelligence
9/3/2017,70,Artificial intelligence
9/10/2017,65,Artificial intelligence
9/17/2017,66,Artificial intelligence
9/24/2017,67,Artificial intelligence
10/1/2017,70,Artificial intelligence
10/8/2017,70,Artificial intelligence
10/15/2017,74,Artificial intelligence
10/22/2017,81,Artificial intelligence
10/29/2017,80,Artificial intelligence
11/5/2017,85,Artificial intelligence
11/12/2017,83,Artificial intelligence
11/19/2017,81,Artificial intelligence
11/26/2017,81,Artificial intelligence
12/3/2017,84,Artificial intelligence
12/10/2017,82,Artificial intelligence
12/17/2017,76,Artificial intelligence
12/24/2017,67,Artificial intelligence
12/31/2017,67,Artificial intelligence
1/7/2018,77,Artificial intelligence
1/14/2018,85,Artificial intelligence
1/21/2018,80,Artificial intelligence
1/28/2018,80,Artificial intelligence
2/4/2018,76,Artificial intelligence
2/11/2018,74,Artificial intelligence
2/18/2018,77,Artificial intelligence
2/25/2018,82,Artificial intelligence
3/4/2018,79,Artificial intelligence
3/11/2018,78,Artificial intelligence
3/18/2018,76,Artificial intelligence
3/25/2018,76,Artificial intelligence
4/1/2018,78,Artificial intelligence
4/8/2018,78,Artificial intelligence
4/15/2018,78,Artificial intelligence
4/22/2018,76,Artificial intelligence
4/29/2018,74,Artificial intelligence
5/6/2018,87,Artificial intelligence
5/13/2018,82,Artificial intelligence
5/20/2018,79,Artificial intelligence
6/2/2013,51,Cannabis
6/9/2013,50,Cannabis
6/16/2013,50,Cannabis
6/23/2013,51,Cannabis
6/30/2013,49,Cannabis
7/7/2013,51,Cannabis
7/14/2013,50,Cannabis
7/21/2013,51,Cannabis
7/28/2013,55,Cannabis
8/4/2013,54,Cannabis
8/11/2013,54,Cannabis
8/18/2013,52,Cannabis
8/25/2013,52,Cannabis
9/1/2013,53,Cannabis
9/8/2013,50,Cannabis
9/15/2013,50,Cannabis
9/22/2013,52,Cannabis
9/29/2013,51,Cannabis
10/6/2013,52,Cannabis
10/13/2013,51,Cannabis
10/20/2013,52,Cannabis
10/27/2013,50,Cannabis
11/3/2013,53,Cannabis
11/10/2013,56,Cannabis
11/17/2013,53,Cannabis
11/24/2013,49,Cannabis
12/1/2013,50,Cannabis
12/8/2013,55,Cannabis
12/15/2013,50,Cannabis
12/22/2013,50,Cannabis
12/29/2013,73,Cannabis
1/5/2014,67,Cannabis
1/12/2014,60,Cannabis
1/19/2014,64,Cannabis
1/26/2014,60,Cannabis
2/2/2014,59,Cannabis
2/9/2014,56,Cannabis
2/16/2014,59,Cannabis
2/23/2014,61,Cannabis
3/2/2014,60,Cannabis
3/9/2014,60,Cannabis
3/16/2014,60,Cannabis
3/23/2014,58,Cannabis
3/30/2014,59,Cannabis
4/6/2014,58,Cannabis
4/13/2014,63,Cannabis
4/20/2014,67,Cannabis
4/27/2014,60,Cannabis
5/4/2014,60,Cannabis
5/11/2014,58,Cannabis
5/18/2014,58,Cannabis
5/25/2014,61,Cannabis
6/1/2014,57,Cannabis
6/8/2014,53,Cannabis
6/15/2014,53,Cannabis
6/22/2014,55,Cannabis
6/29/2014,52,Cannabis
7/6/2014,58,Cannabis
7/13/2014,57,Cannabis
7/20/2014,56,Cannabis
7/27/2014,57,Cannabis
8/3/2014,55,Cannabis
8/10/2014,56,Cannabis
8/17/2014,58,Cannabis
8/24/2014,54,Cannabis
8/31/2014,54,Cannabis
9/7/2014,55,Cannabis
9/14/2014,56,Cannabis
9/21/2014,56,Cannabis
9/28/2014,58,Cannabis
10/5/2014,57,Cannabis
10/12/2014,56,Cannabis
10/19/2014,57,Cannabis
10/26/2014,55,Cannabis
11/2/2014,69,Cannabis
11/9/2014,58,Cannabis
11/16/2014,61,Cannabis
11/23/2014,54,Cannabis
11/30/2014,55,Cannabis
12/7/2014,54,Cannabis
12/14/2014,55,Cannabis
12/21/2014,52,Cannabis
12/28/2014,55,Cannabis
1/4/2015,54,Cannabis
1/11/2015,56,Cannabis
1/18/2015,55,Cannabis
1/25/2015,54,Cannabis
2/1/2015,55,Cannabis
2/8/2015,53,Cannabis
2/15/2015,55,Cannabis
2/22/2015,60,Cannabis
3/1/2015,61,Cannabis
3/8/2015,58,Cannabis
3/15/2015,57,Cannabis
3/22/2015,57,Cannabis
3/29/2015,57,Cannabis
4/5/2015,57,Cannabis
4/12/2015,61,Cannabis
4/19/2015,71,Cannabis
4/26/2015,60,Cannabis
5/3/2015,59,Cannabis
5/10/2015,58,Cannabis
5/17/2015,58,Cannabis
5/24/2015,57,Cannabis
5/31/2015,58,Cannabis
6/7/2015,57,Cannabis
6/14/2015,56,Cannabis
6/21/2015,54,Cannabis
6/28/2015,58,Cannabis
7/5/2015,57,Cannabis
7/12/2015,57,Cannabis
7/19/2015,58,Cannabis
7/26/2015,57,Cannabis
8/2/2015,56,Cannabis
8/9/2015,58,Cannabis
8/16/2015,56,Cannabis
8/23/2015,57,Cannabis
8/30/2015,58,Cannabis
9/6/2015,55,Cannabis
9/13/2015,56,Cannabis
9/20/2015,57,Cannabis
9/27/2015,58,Cannabis
10/4/2015,57,Cannabis
10/11/2015,56,Cannabis
10/18/2015,59,Cannabis
10/25/2015,59,Cannabis
11/1/2015,65,Cannabis
11/8/2015,59,Cannabis
11/15/2015,54,Cannabis
11/22/2015,53,Cannabis
11/29/2015,54,Cannabis
12/6/2015,55,Cannabis
12/13/2015,53,Cannabis
12/20/2015,55,Cannabis
12/27/2015,55,Cannabis
1/3/2016,53,Cannabis
1/10/2016,54,Cannabis
1/17/2016,54,Cannabis
1/24/2016,56,Cannabis
1/31/2016,57,Cannabis
2/7/2016,54,Cannabis
2/14/2016,54,Cannabis
2/21/2016,57,Cannabis
2/28/2016,55,Cannabis
3/6/2016,55,Cannabis
3/13/2016,54,Cannabis
3/20/2016,55,Cannabis
3/27/2016,55,Cannabis
4/3/2016,57,Cannabis
4/10/2016,57,Cannabis
4/17/2016,70,Cannabis
4/24/2016,66,Cannabis
5/1/2016,59,Cannabis
5/8/2016,56,Cannabis
5/15/2016,56,Cannabis
5/22/2016,56,Cannabis
5/29/2016,54,Cannabis
6/5/2016,55,Cannabis
6/12/2016,51,Cannabis
6/19/2016,52,Cannabis
6/26/2016,53,Cannabis
7/3/2016,54,Cannabis
7/10/2016,51,Cannabis
7/17/2016,51,Cannabis
7/24/2016,55,Cannabis
7/31/2016,53,Cannabis
8/7/2016,55,Cannabis
8/14/2016,53,Cannabis
8/21/2016,53,Cannabis
8/28/2016,55,Cannabis
9/4/2016,57,Cannabis
9/11/2016,56,Cannabis
9/18/2016,56,Cannabis
9/25/2016,57,Cannabis
10/2/2016,58,Cannabis
10/9/2016,58,Cannabis
10/16/2016,58,Cannabis
10/23/2016,61,Cannabis
10/30/2016,58,Cannabis
11/6/2016,100,Cannabis
11/13/2016,67,Cannabis
11/20/2016,58,Cannabis
11/27/2016,60,Cannabis
12/4/2016,58,Cannabis
12/11/2016,58,Cannabis
12/18/2016,55,Cannabis
12/25/2016,56,Cannabis
1/1/2017,59,Cannabis
1/8/2017,57,Cannabis
1/15/2017,57,Cannabis
1/22/2017,57,Cannabis
1/29/2017,58,Cannabis
2/5/2017,57,Cannabis
2/12/2017,57,Cannabis
2/19/2017,61,Cannabis
2/26/2017,60,Cannabis
3/5/2017,57,Cannabis
3/12/2017,58,Cannabis
3/19/2017,58,Cannabis
3/26/2017,63,Cannabis
4/2/2017,60,Cannabis
4/9/2017,61,Cannabis
4/16/2017,72,Cannabis
4/23/2017,61,Cannabis
4/30/2017,61,Cannabis
5/7/2017,57,Cannabis
5/14/2017,56,Cannabis
5/21/2017,57,Cannabis
5/28/2017,58,Cannabis
6/4/2017,57,Cannabis
6/11/2017,56,Cannabis
6/18/2017,57,Cannabis
6/25/2017,57,Cannabis
7/2/2017,58,Cannabis
7/9/2017,59,Cannabis
7/16/2017,59,Cannabis
7/23/2017,58,Cannabis
7/30/2017,59,Cannabis
8/6/2017,58,Cannabis
8/13/2017,55,Cannabis
8/20/2017,53,Cannabis
8/27/2017,53,Cannabis
9/3/2017,53,Cannabis
9/10/2017,53,Cannabis
9/17/2017,56,Cannabis
9/24/2017,55,Cannabis
10/1/2017,54,Cannabis
10/8/2017,56,Cannabis
10/15/2017,56,Cannabis
10/22/2017,55,Cannabis
10/29/2017,56,Cannabis
11/5/2017,57,Cannabis
11/12/2017,59,Cannabis
11/19/2017,55,Cannabis
11/26/2017,57,Cannabis
12/3/2017,56,Cannabis
12/10/2017,54,Cannabis
12/17/2017,54,Cannabis
12/24/2017,58,Cannabis
12/31/2017,75,Cannabis
1/7/2018,64,Cannabis
1/14/2018,61,Cannabis
1/21/2018,59,Cannabis
1/28/2018,59,Cannabis
2/4/2018,59,Cannabis
2/11/2018,57,Cannabis
2/18/2018,57,Cannabis
2/25/2018,57,Cannabis
3/4/2018,58,Cannabis
3/11/2018,58,Cannabis
3/18/2018,60,Cannabis
3/25/2018,58,Cannabis
4/1/2018,58,Cannabis
4/8/2018,58,Cannabis
4/15/2018,70,Cannabis
4/22/2018,60,Cannabis
4/29/2018,60,Cannabis
5/6/2018,59,Cannabis
5/13/2018,58,Cannabis
5/20/2018,59,Cannabis
6/2/2013,28,Apple
6/9/2013,41,Apple
6/16/2013,29,Apple
6/23/2013,29,Apple
6/30/2013,30,Apple
7/7/2013,29,Apple
7/14/2013,28,Apple
7/21/2013,30,Apple
7/28/2013,31,Apple
8/4/2013,31,Apple
8/11/2013,31,Apple
8/18/2013,31,Apple
8/25/2013,30,Apple
9/1/2013,33,Apple
9/8/2013,68,Apple
9/15/2013,50,Apple
9/22/2013,42,Apple
9/29/2013,35,Apple
10/6/2013,35,Apple
10/13/2013,32,Apple
10/20/2013,47,Apple
10/27/2013,37,Apple
11/3/2013,35,Apple
11/10/2013,36,Apple
11/17/2013,36,Apple
11/24/2013,41,Apple
12/1/2013,34,Apple
12/8/2013,33,Apple
12/15/2013,34,Apple
12/22/2013,42,Apple
12/29/2013,35,Apple
1/5/2014,32,Apple
1/12/2014,30,Apple
1/19/2014,29,Apple
1/26/2014,30,Apple
2/2/2014,28,Apple
2/9/2014,27,Apple
2/16/2014,28,Apple
2/23/2014,29,Apple
3/2/2014,27,Apple
3/9/2014,28,Apple
3/16/2014,28,Apple
3/23/2014,26,Apple
3/30/2014,26,Apple
4/6/2014,26,Apple
4/13/2014,25,Apple
4/20/2014,28,Apple
4/27/2014,27,Apple
5/4/2014,27,Apple
5/11/2014,25,Apple
5/18/2014,24,Apple
5/25/2014,25,Apple
6/1/2014,32,Apple
6/8/2014,26,Apple
6/15/2014,25,Apple
6/22/2014,25,Apple
6/29/2014,26,Apple
7/6/2014,27,Apple
7/13/2014,26,Apple
7/20/2014,27,Apple
7/27/2014,28,Apple
8/3/2014,27,Apple
8/10/2014,28,Apple
8/17/2014,28,Apple
8/24/2014,30,Apple
8/31/2014,32,Apple
9/7/2014,100,Apple
9/14/2014,52,Apple
9/21/2014,46,Apple
9/28/2014,39,Apple
10/5/2014,36,Apple
10/12/2014,43,Apple
10/19/2014,39,Apple
10/26/2014,35,Apple
11/2/2014,34,Apple
11/9/2014,33,Apple
11/16/2014,33,Apple
11/23/2014,38,Apple
11/30/2014,33,Apple
12/7/2014,33,Apple
12/14/2014,34,Apple
12/21/2014,38,Apple
12/28/2014,35,Apple
1/4/2015,31,Apple
1/11/2015,30,Apple
1/18/2015,28,Apple
1/25/2015,29,Apple
2/1/2015,29,Apple
2/8/2015,28,Apple
2/15/2015,28,Apple
2/22/2015,28,Apple
3/1/2015,29,Apple
3/8/2015,50,Apple
3/15/2015,33,Apple
3/22/2015,29,Apple
3/29/2015,30,Apple
4/5/2015,35,Apple
4/12/2015,32,Apple
4/19/2015,33,Apple
4/26/2015,34,Apple
5/3/2015,30,Apple
5/10/2015,29,Apple
5/17/2015,30,Apple
5/24/2015,29,Apple
5/31/2015,29,Apple
6/7/2015,34,Apple
6/14/2015,30,Apple
6/21/2015,31,Apple
6/28/2015,37,Apple
7/5/2015,34,Apple
7/12/2015,32,Apple
7/19/2015,33,Apple
7/26/2015,31,Apple
8/2/2015,31,Apple
8/9/2015,31,Apple
8/16/2015,30,Apple
8/23/2015,33,Apple
8/30/2015,32,Apple
9/6/2015,63,Apple
9/13/2015,41,Apple
9/20/2015,43,Apple
9/27/2015,39,Apple
10/4/2015,36,Apple
10/11/2015,35,Apple
10/18/2015,35,Apple
10/25/2015,35,Apple
11/1/2015,35,Apple
11/8/2015,34,Apple
11/15/2015,33,Apple
11/22/2015,39,Apple
11/29/2015,35,Apple
12/6/2015,35,Apple
12/13/2015,35,Apple
12/20/2015,40,Apple
12/27/2015,37,Apple
1/3/2016,32,Apple
1/10/2016,30,Apple
1/17/2016,30,Apple
1/24/2016,30,Apple
1/31/2016,29,Apple
2/7/2016,29,Apple
2/14/2016,30,Apple
2/21/2016,29,Apple
2/28/2016,28,Apple
3/6/2016,28,Apple
3/13/2016,27,Apple
3/20/2016,42,Apple
3/27/2016,32,Apple
4/3/2016,30,Apple
4/10/2016,28,Apple
4/17/2016,28,Apple
4/24/2016,30,Apple
5/1/2016,28,Apple
5/8/2016,27,Apple
5/15/2016,28,Apple
5/22/2016,28,Apple
5/29/2016,27,Apple
6/5/2016,27,Apple
6/12/2016,31,Apple
6/19/2016,27,Apple
6/26/2016,27,Apple
7/3/2016,28,Apple
7/10/2016,30,Apple
7/17/2016,28,Apple
7/24/2016,29,Apple
7/31/2016,30,Apple
8/7/2016,27,Apple
8/14/2016,27,Apple
8/21/2016,29,Apple
8/28/2016,31,Apple
9/4/2016,66,Apple
9/11/2016,44,Apple
9/18/2016,40,Apple
9/25/2016,40,Apple
10/2/2016,36,Apple
10/9/2016,35,Apple
10/16/2016,33,Apple
10/23/2016,40,Apple
10/30/2016,35,Apple
11/6/2016,32,Apple
11/13/2016,34,Apple
11/20/2016,41,Apple
11/27/2016,36,Apple
12/4/2016,34,Apple
12/11/2016,36,Apple
12/18/2016,38,Apple
12/25/2016,40,Apple
1/1/2017,34,Apple
1/8/2017,31,Apple
1/15/2017,31,Apple
1/22/2017,30,Apple
1/29/2017,30,Apple
2/5/2017,30,Apple
2/12/2017,29,Apple
2/19/2017,28,Apple
2/26/2017,28,Apple
3/5/2017,28,Apple
3/12/2017,27,Apple
3/19/2017,31,Apple
3/26/2017,30,Apple
4/2/2017,28,Apple
4/9/2017,28,Apple
4/16/2017,28,Apple
4/23/2017,27,Apple
4/30/2017,28,Apple
5/7/2017,28,Apple
5/14/2017,27,Apple
5/21/2017,27,Apple
5/28/2017,27,Apple
6/4/2017,35,Apple
6/11/2017,29,Apple
6/18/2017,30,Apple
6/25/2017,29,Apple
7/2/2017,30,Apple
7/9/2017,29,Apple
7/16/2017,29,Apple
7/23/2017,30,Apple
7/30/2017,31,Apple
8/6/2017,31,Apple
8/13/2017,30,Apple
8/20/2017,31,Apple
8/27/2017,31,Apple
9/3/2017,32,Apple
9/10/2017,65,Apple
9/17/2017,41,Apple
9/24/2017,38,Apple
10/1/2017,36,Apple
10/8/2017,33,Apple
10/15/2017,34,Apple
10/22/2017,36,Apple
10/29/2017,37,Apple
11/5/2017,39,Apple
11/12/2017,38,Apple
11/19/2017,43,Apple
11/26/2017,39,Apple
12/3/2017,38,Apple
12/10/2017,37,Apple
12/17/2017,41,Apple
12/24/2017,50,Apple
12/31/2017,38,Apple
1/7/2018,36,Apple
1/14/2018,34,Apple
1/21/2018,31,Apple
1/28/2018,33,Apple
2/4/2018,31,Apple
2/11/2018,32,Apple
2/18/2018,31,Apple
2/25/2018,30,Apple
3/4/2018,30,Apple
3/11/2018,30,Apple
3/18/2018,30,Apple
3/25/2018,33,Apple
4/1/2018,31,Apple
4/8/2018,31,Apple
4/15/2018,29,Apple
4/22/2018,29,Apple
4/29/2018,30,Apple
5/6/2018,30,Apple
5/13/2018,29,Apple
5/20/2018,29,Apple
6/2/2013,58,Black market
6/9/2013,55,Black market
6/16/2013,55,Black market
6/23/2013,57,Black market
6/30/2013,58,Black market
7/7/2013,57,Black market
7/14/2013,63,Black market
7/21/2013,57,Black market
7/28/2013,59,Black market
8/4/2013,51,Black market
8/11/2013,57,Black market
8/18/2013,52,Black market
8/25/2013,50,Black market
9/1/2013,51,Black market
9/8/2013,52,Black market
9/15/2013,50,Black market
9/22/2013,47,Black market
9/29/2013,51,Black market
10/6/2013,50,Black market
10/13/2013,50,Black market
10/20/2013,51,Black market
10/27/2013,49,Black market
11/3/2013,47,Black market
11/10/2013,48,Black market
11/17/2013,46,Black market
11/24/2013,47,Black market
12/1/2013,45,Black market
12/8/2013,44,Black market
12/15/2013,45,Black market
12/22/2013,61,Black market
12/29/2013,57,Black market
1/5/2014,47,Black market
1/12/2014,48,Black market
1/19/2014,46,Black market
1/26/2014,46,Black market
2/2/2014,44,Black market
2/9/2014,41,Black market
2/16/2014,45,Black market
2/23/2014,42,Black market
3/2/2014,44,Black market
3/9/2014,41,Black market
3/16/2014,41,Black market
3/23/2014,41,Black market
3/30/2014,40,Black market
4/6/2014,39,Black market
4/13/2014,40,Black market
4/20/2014,42,Black market
4/27/2014,43,Black market
5/4/2014,40,Black market
5/11/2014,41,Black market
5/18/2014,42,Black market
5/25/2014,43,Black market
6/1/2014,40,Black market
6/8/2014,39,Black market
6/15/2014,39,Black market
6/22/2014,37,Black market
6/29/2014,37,Black market
7/6/2014,41,Black market
7/13/2014,41,Black market
7/20/2014,44,Black market
7/27/2014,43,Black market
8/3/2014,49,Black market
8/10/2014,44,Black market
8/17/2014,50,Black market
8/24/2014,46,Black market
8/31/2014,40,Black market
9/7/2014,41,Black market
9/14/2014,41,Black market
9/21/2014,42,Black market
9/28/2014,40,Black market
10/5/2014,40,Black market
10/12/2014,43,Black market
10/19/2014,41,Black market
10/26/2014,40,Black market
11/2/2014,39,Black market
11/9/2014,43,Black market
11/16/2014,44,Black market
11/23/2014,44,Black market
11/30/2014,40,Black market
12/7/2014,39,Black market
12/14/2014,47,Black market
12/21/2014,51,Black market
12/28/2014,48,Black market
1/4/2015,44,Black market
1/11/2015,43,Black market
1/18/2015,47,Black market
1/25/2015,45,Black market
2/1/2015,49,Black market
2/8/2015,46,Black market
2/15/2015,47,Black market
2/22/2015,58,Black market
3/1/2015,50,Black market
3/8/2015,40,Black market
3/15/2015,42,Black market
3/22/2015,38,Black market
3/29/2015,40,Black market
4/5/2015,40,Black market
4/12/2015,36,Black market
4/19/2015,36,Black market
4/26/2015,38,Black market
5/3/2015,34,Black market
5/10/2015,34,Black market
5/17/2015,34,Black market
5/24/2015,33,Black market
5/31/2015,34,Black market
6/7/2015,32,Black market
6/14/2015,33,Black market
6/21/2015,32,Black market
6/28/2015,35,Black market
7/5/2015,42,Black market
7/12/2015,39,Black market
7/19/2015,40,Black market
7/26/2015,59,Black market
8/2/2015,42,Black market
8/9/2015,36,Black market
8/16/2015,35,Black market
8/23/2015,36,Black market
8/30/2015,37,Black market
9/6/2015,35,Black market
9/13/2015,35,Black market
9/20/2015,32,Black market
9/27/2015,33,Black market
10/4/2015,35,Black market
10/11/2015,38,Black market
10/18/2015,43,Black market
10/25/2015,40,Black market
11/1/2015,40,Black market
11/8/2015,44,Black market
11/15/2015,44,Black market
11/22/2015,44,Black market
11/29/2015,44,Black market
12/6/2015,44,Black market
12/13/2015,41,Black market
12/20/2015,42,Black market
12/27/2015,42,Black market
1/3/2016,37,Black market
1/10/2016,39,Black market
1/17/2016,45,Black market
1/24/2016,39,Black market
1/31/2016,39,Black market
2/7/2016,43,Black market
2/14/2016,49,Black market
2/21/2016,50,Black market
2/28/2016,49,Black market
3/6/2016,53,Black market
3/13/2016,55,Black market
3/20/2016,52,Black market
3/27/2016,51,Black market
4/3/2016,49,Black market
4/10/2016,45,Black market
4/17/2016,53,Black market
4/24/2016,54,Black market
5/1/2016,52,Black market
5/8/2016,48,Black market
5/15/2016,47,Black market
5/22/2016,44,Black market
5/29/2016,46,Black market
6/5/2016,41,Black market
6/12/2016,40,Black market
6/19/2016,45,Black market
6/26/2016,44,Black market
7/3/2016,37,Black market
7/10/2016,47,Black market
7/17/2016,52,Black market
7/24/2016,76,Black market
7/31/2016,70,Black market
8/7/2016,54,Black market
8/14/2016,56,Black market
8/21/2016,50,Black market
8/28/2016,49,Black market
9/4/2016,48,Black market
9/11/2016,42,Black market
9/18/2016,42,Black market
9/25/2016,46,Black market
10/2/2016,52,Black market
10/9/2016,58,Black market
10/16/2016,56,Black market
10/23/2016,53,Black market
10/30/2016,100,Black market
11/6/2016,75,Black market
11/13/2016,72,Black market
11/20/2016,64,Black market
11/27/2016,55,Black market
12/4/2016,51,Black market
12/11/2016,47,Black market
12/18/2016,53,Black market
12/25/2016,55,Black market
1/1/2017,55,Black market
1/8/2017,55,Black market
1/15/2017,51,Black market
1/22/2017,47,Black market
1/29/2017,44,Black market
2/5/2017,48,Black market
2/12/2017,50,Black market
2/19/2017,54,Black market
2/26/2017,68,Black market
3/5/2017,61,Black market
3/12/2017,58,Black market
3/19/2017,52,Black market
3/26/2017,47,Black market
4/2/2017,42,Black market
4/9/2017,40,Black market
4/16/2017,38,Black market
4/23/2017,38,Black market
4/30/2017,35,Black market
5/7/2017,34,Black market
5/14/2017,33,Black market
5/21/2017,30,Black market
5/28/2017,31,Black market
6/4/2017,30,Black market
6/11/2017,32,Black market
6/18/2017,30,Black market
6/25/2017,30,Black market
7/2/2017,32,Black market
7/9/2017,32,Black market
7/16/2017,32,Black market
7/23/2017,31,Black market
7/30/2017,30,Black market
8/6/2017,31,Black market
8/13/2017,32,Black market
8/20/2017,30,Black market
8/27/2017,29,Black market
9/3/2017,31,Black market
9/10/2017,30,Black market
9/17/2017,31,Black market
9/24/2017,32,Black market
10/1/2017,32,Black market
10/8/2017,31,Black market
10/15/2017,30,Black market
10/22/2017,26,Black market
10/29/2017,27,Black market
11/5/2017,27,Black market
11/12/2017,27,Black market
11/19/2017,29,Black market
11/26/2017,30,Black market
12/3/2017,30,Black market
12/10/2017,31,Black market
12/17/2017,32,Black market
12/24/2017,33,Black market
12/31/2017,31,Black market
1/7/2018,31,Black market
1/14/2018,32,Black market
1/21/2018,30,Black market
1/28/2018,31,Black market
2/4/2018,30,Black market
2/11/2018,31,Black market
2/18/2018,28,Black market
2/25/2018,30,Black market
3/4/2018,27,Black market
3/11/2018,28,Black market
3/18/2018,26,Black market
3/25/2018,27,Black market
4/1/2018,26,Black market
4/8/2018,26,Black market
4/15/2018,25,Black market
4/22/2018,24,Black market
4/29/2018,25,Black market
5/6/2018,25,Black market
5/13/2018,24,Black market
5/20/2018,26,Black market
6/2/2013,19,Quantum computing
6/9/2013,22,Quantum computing
6/16/2013,25,Quantum computing
6/23/2013,22,Quantum computing
6/30/2013,32,Quantum computing
7/7/2013,25,Quantum computing
7/14/2013,17,Quantum computing
7/21/2013,17,Quantum computing
7/28/2013,13,Quantum computing
8/4/2013,15,Quantum computing
8/11/2013,19,Quantum computing
8/18/2013,20,Quantum computing
8/25/2013,20,Quantum computing
9/1/2013,19,Quantum computing
9/8/2013,23,Quantum computing
9/15/2013,17,Quantum computing
9/22/2013,20,Quantum computing
9/29/2013,24,Quantum computing
10/6/2013,23,Quantum computing
10/13/2013,31,Quantum computing
10/20/2013,22,Quantum computing
10/27/2013,20,Quantum computing
11/3/2013,20,Quantum computing
11/10/2013,24,Quantum computing
11/17/2013,25,Quantum computing
11/24/2013,20,Quantum computing
12/1/2013,24,Quantum computing
12/8/2013,19,Quantum computing
12/15/2013,17,Quantum computing
12/22/2013,13,Quantum computing
12/29/2013,70,Quantum computing
1/5/2014,40,Quantum computing
1/12/2014,27,Quantum computing
1/19/2014,23,Quantum computing
1/26/2014,24,Quantum computing
2/2/2014,24,Quantum computing
2/9/2014,27,Quantum computing
2/16/2014,23,Quantum computing
2/23/2014,21,Quantum computing
3/2/2014,22,Quantum computing
3/9/2014,20,Quantum computing
3/16/2014,18,Quantum computing
3/23/2014,21,Quantum computing
3/30/2014,20,Quantum computing
4/6/2014,19,Quantum computing
4/13/2014,21,Quantum computing
4/20/2014,19,Quantum computing
4/27/2014,18,Quantum computing
5/4/2014,20,Quantum computing
5/11/2014,17,Quantum computing
5/18/2014,29,Quantum computing
5/25/2014,38,Quantum computing
6/1/2014,24,Quantum computing
6/8/2014,20,Quantum computing
6/15/2014,20,Quantum computing
6/22/2014,23,Quantum computing
6/29/2014,18,Quantum computing
7/6/2014,18,Quantum computing
7/13/2014,22,Quantum computing
7/20/2014,19,Quantum computing
7/27/2014,16,Quantum computing
8/3/2014,17,Quantum computing
8/10/2014,21,Quantum computing
8/17/2014,18,Quantum computing
8/24/2014,20,Quantum computing
8/31/2014,27,Quantum computing
9/7/2014,21,Quantum computing
9/14/2014,18,Quantum computing
9/21/2014,20,Quantum computing
9/28/2014,24,Quantum computing
10/5/2014,23,Quantum computing
10/12/2014,19,Quantum computing
10/19/2014,22,Quantum computing
10/26/2014,20,Quantum computing
11/2/2014,19,Quantum computing
11/9/2014,18,Quantum computing
11/16/2014,18,Quantum computing
11/23/2014,19,Quantum computing
11/30/2014,19,Quantum computing
12/7/2014,19,Quantum computing
12/14/2014,18,Quantum computing
12/21/2014,18,Quantum computing
12/28/2014,18,Quantum computing
1/4/2015,23,Quantum computing
1/11/2015,21,Quantum computing
1/18/2015,20,Quantum computing
1/25/2015,19,Quantum computing
2/1/2015,20,Quantum computing
2/8/2015,19,Quantum computing
2/15/2015,17,Quantum computing
2/22/2015,19,Quantum computing
3/1/2015,21,Quantum computing
3/8/2015,18,Quantum computing
3/15/2015,18,Quantum computing
3/22/2015,18,Quantum computing
3/29/2015,20,Quantum computing
4/5/2015,18,Quantum computing
4/12/2015,20,Quantum computing
4/19/2015,19,Quantum computing
4/26/2015,27,Quantum computing
5/3/2015,30,Quantum computing
5/10/2015,21,Quantum computing
5/17/2015,18,Quantum computing
5/24/2015,21,Quantum computing
5/31/2015,21,Quantum computing
6/7/2015,18,Quantum computing
6/14/2015,22,Quantum computing
6/21/2015,23,Quantum computing
6/28/2015,16,Quantum computing
7/5/2015,17,Quantum computing
7/12/2015,16,Quantum computing
7/19/2015,18,Quantum computing
7/26/2015,17,Quantum computing
8/2/2015,17,Quantum computing
8/9/2015,16,Quantum computing
8/16/2015,18,Quantum computing
8/23/2015,18,Quantum computing
8/30/2015,24,Quantum computing
9/6/2015,21,Quantum computing
9/13/2015,18,Quantum computing
9/20/2015,22,Quantum computing
9/27/2015,29,Quantum computing
10/4/2015,27,Quantum computing
10/11/2015,25,Quantum computing
10/18/2015,25,Quantum computing
10/25/2015,20,Quantum computing
11/1/2015,22,Quantum computing
11/8/2015,20,Quantum computing
11/15/2015,26,Quantum computing
11/22/2015,22,Quantum computing
11/29/2015,20,Quantum computing
12/6/2015,100,Quantum computing
12/13/2015,51,Quantum computing
12/20/2015,33,Quantum computing
12/27/2015,26,Quantum computing
1/3/2016,25,Quantum computing
1/10/2016,21,Quantum computing
1/17/2016,21,Quantum computing
1/24/2016,21,Quantum computing
1/31/2016,20,Quantum computing
2/7/2016,20,Quantum computing
2/14/2016,19,Quantum computing
2/21/2016,21,Quantum computing
2/28/2016,18,Quantum computing
3/6/2016,24,Quantum computing
3/13/2016,22,Quantum computing
3/20/2016,21,Quantum computing
3/27/2016,22,Quantum computing
4/3/2016,22,Quantum computing
4/10/2016,45,Quantum computing
4/17/2016,77,Quantum computing
4/24/2016,27,Quantum computing
5/1/2016,51,Quantum computing
5/8/2016,40,Quantum computing
5/15/2016,25,Quantum computing
5/22/2016,24,Quantum computing
5/29/2016,20,Quantum computing
6/5/2016,24,Quantum computing
6/12/2016,20,Quantum computing
6/19/2016,20,Quantum computing
6/26/2016,23,Quantum computing
7/3/2016,21,Quantum computing
7/10/2016,21,Quantum computing
7/17/2016,20,Quantum computing
7/24/2016,20,Quantum computing
7/31/2016,23,Quantum computing
8/7/2016,20,Quantum computing
8/14/2016,20,Quantum computing
8/21/2016,22,Quantum computing
8/28/2016,19,Quantum computing
9/4/2016,29,Quantum computing
9/11/2016,21,Quantum computing
9/18/2016,25,Quantum computing
9/25/2016,24,Quantum computing
10/2/2016,23,Quantum computing
10/9/2016,22,Quantum computing
10/16/2016,23,Quantum computing
10/23/2016,23,Quantum computing
10/30/2016,23,Quantum computing
11/6/2016,22,Quantum computing
11/13/2016,23,Quantum computing
11/20/2016,26,Quantum computing
11/27/2016,26,Quantum computing
12/4/2016,21,Quantum computing
12/11/2016,22,Quantum computing
12/18/2016,20,Quantum computing
12/25/2016,18,Quantum computing
1/1/2017,23,Quantum computing
1/8/2017,25,Quantum computing
1/15/2017,21,Quantum computing
1/22/2017,22,Quantum computing
1/29/2017,32,Quantum computing
2/5/2017,27,Quantum computing
2/12/2017,33,Quantum computing
2/19/2017,31,Quantum computing
2/26/2017,26,Quantum computing
3/5/2017,48,Quantum computing
3/12/2017,34,Quantum computing
3/19/2017,29,Quantum computing
3/26/2017,24,Quantum computing
4/2/2017,27,Quantum computing
4/9/2017,23,Quantum computing
4/16/2017,26,Quantum computing
4/23/2017,24,Quantum computing
4/30/2017,35,Quantum computing
5/7/2017,31,Quantum computing
5/14/2017,30,Quantum computing
5/21/2017,29,Quantum computing
5/28/2017,26,Quantum computing
6/4/2017,22,Quantum computing
6/11/2017,27,Quantum computing
6/18/2017,24,Quantum computing
6/25/2017,37,Quantum computing
7/2/2017,33,Quantum computing
7/9/2017,29,Quantum computing
7/16/2017,34,Quantum computing
7/23/2017,29,Quantum computing
7/30/2017,25,Quantum computing
8/6/2017,27,Quantum computing
8/13/2017,26,Quantum computing
8/20/2017,22,Quantum computing
8/27/2017,26,Quantum computing
9/3/2017,31,Quantum computing
9/10/2017,32,Quantum computing
9/17/2017,40,Quantum computing
9/24/2017,59,Quantum computing
10/1/2017,37,Quantum computing
10/8/2017,41,Quantum computing
10/15/2017,46,Quantum computing
10/22/2017,37,Quantum computing
10/29/2017,34,Quantum computing
11/5/2017,48,Quantum computing
11/12/2017,45,Quantum computing
11/19/2017,56,Quantum computing
11/26/2017,49,Quantum computing
12/3/2017,42,Quantum computing
12/10/2017,55,Quantum computing
12/17/2017,45,Quantum computing
12/24/2017,34,Quantum computing
12/31/2017,37,Quantum computing
1/7/2018,54,Quantum computing
1/14/2018,39,Quantum computing
1/21/2018,45,Quantum computing
1/28/2018,41,Quantum computing
2/4/2018,39,Quantum computing
2/11/2018,41,Quantum computing
2/18/2018,37,Quantum computing
2/25/2018,34,Quantum computing
3/4/2018,45,Quantum computing
3/11/2018,39,Quantum computing
3/18/2018,38,Quantum computing
3/25/2018,34,Quantum computing
4/1/2018,36,Quantum computing
4/8/2018,34,Quantum computing
4/15/2018,30,Quantum computing
4/22/2018,33,Quantum computing
4/29/2018,26,Quantum computing
5/6/2018,30,Quantum computing
5/13/2018,32,Quantum computing
5/20/2018,30,Quantum computing
6/2/2013,65,Online shopping
6/9/2013,65,Online shopping
6/16/2013,65,Online shopping
6/23/2013,65,Online shopping
6/30/2013,70,Online shopping
7/7/2013,67,Online shopping
7/14/2013,70,Online shopping
7/21/2013,70,Online shopping
7/28/2013,70,Online shopping
8/4/2013,71,Online shopping
8/11/2013,73,Online shopping
8/18/2013,70,Online shopping
8/25/2013,72,Online shopping
9/1/2013,74,Online shopping
9/8/2013,73,Online shopping
9/15/2013,75,Online shopping
9/22/2013,75,Online shopping
9/29/2013,78,Online shopping
10/6/2013,76,Online shopping
10/13/2013,77,Online shopping
10/20/2013,79,Online shopping
10/27/2013,77,Online shopping
11/3/2013,77,Online shopping
11/10/2013,81,Online shopping
11/17/2013,81,Online shopping
11/24/2013,86,Online shopping
12/1/2013,87,Online shopping
12/8/2013,87,Online shopping
12/15/2013,83,Online shopping
12/22/2013,83,Online shopping
12/29/2013,76,Online shopping
1/5/2014,74,Online shopping
1/12/2014,76,Online shopping
1/19/2014,77,Online shopping
1/26/2014,74,Online shopping
2/2/2014,75,Online shopping
2/9/2014,74,Online shopping
2/16/2014,74,Online shopping
2/23/2014,73,Online shopping
3/2/2014,71,Online shopping
3/9/2014,73,Online shopping
3/16/2014,74,Online shopping
3/23/2014,73,Online shopping
3/30/2014,76,Online shopping
4/6/2014,75,Online shopping
4/13/2014,73,Online shopping
4/20/2014,72,Online shopping
4/27/2014,70,Online shopping
5/4/2014,70,Online shopping
5/11/2014,69,Online shopping
5/18/2014,69,Online shopping
5/25/2014,72,Online shopping
6/1/2014,70,Online shopping
6/8/2014,70,Online shopping
6/15/2014,71,Online shopping
6/22/2014,74,Online shopping
6/29/2014,74,Online shopping
7/6/2014,74,Online shopping
7/13/2014,77,Online shopping
7/20/2014,75,Online shopping
7/27/2014,78,Online shopping
8/3/2014,78,Online shopping
8/10/2014,76,Online shopping
8/17/2014,77,Online shopping
8/24/2014,77,Online shopping
8/31/2014,76,Online shopping
9/7/2014,80,Online shopping
9/14/2014,78,Online shopping
9/21/2014,78,Online shopping
9/28/2014,82,Online shopping
10/5/2014,91,Online shopping
10/12/2014,90,Online shopping
10/19/2014,84,Online shopping
10/26/2014,80,Online shopping
11/2/2014,86,Online shopping
11/9/2014,84,Online shopping
11/16/2014,84,Online shopping
11/23/2014,94,Online shopping
11/30/2014,90,Online shopping
12/7/2014,100,Online shopping
12/14/2014,91,Online shopping
12/21/2014,91,Online shopping
12/28/2014,84,Online shopping
1/4/2015,79,Online shopping
1/11/2015,80,Online shopping
1/18/2015,79,Online shopping
1/25/2015,73,Online shopping
2/1/2015,77,Online shopping
2/8/2015,73,Online shopping
2/15/2015,75,Online shopping
2/22/2015,79,Online shopping
3/1/2015,77,Online shopping
3/8/2015,78,Online shopping
3/15/2015,79,Online shopping
3/22/2015,79,Online shopping
3/29/2015,79,Online shopping
4/5/2015,75,Online shopping
4/12/2015,75,Online shopping
4/19/2015,74,Online shopping
4/26/2015,71,Online shopping
5/3/2015,72,Online shopping
5/10/2015,73,Online shopping
5/17/2015,71,Online shopping
5/24/2015,72,Online shopping
5/31/2015,70,Online shopping
6/7/2015,72,Online shopping
6/14/2015,71,Online shopping
6/21/2015,75,Online shopping
6/28/2015,75,Online shopping
7/5/2015,75,Online shopping
7/12/2015,74,Online shopping
7/19/2015,73,Online shopping
7/26/2015,75,Online shopping
8/2/2015,71,Online shopping
8/9/2015,78,Online shopping
8/16/2015,75,Online shopping
8/23/2015,73,Online shopping
8/30/2015,73,Online shopping
9/6/2015,78,Online shopping
9/13/2015,75,Online shopping
9/20/2015,78,Online shopping
9/27/2015,77,Online shopping
10/4/2015,80,Online shopping
10/11/2015,87,Online shopping
10/18/2015,83,Online shopping
10/25/2015,82,Online shopping
11/1/2015,85,Online shopping
11/8/2015,81,Online shopping
11/15/2015,81,Online shopping
11/22/2015,93,Online shopping
11/29/2015,88,Online shopping
12/6/2015,84,Online shopping
12/13/2015,85,Online shopping
12/20/2015,83,Online shopping
12/27/2015,77,Online shopping
1/3/2016,79,Online shopping
1/10/2016,73,Online shopping
1/17/2016,77,Online shopping
1/24/2016,76,Online shopping
1/31/2016,78,Online shopping
2/7/2016,80,Online shopping
2/14/2016,79,Online shopping
2/21/2016,76,Online shopping
2/28/2016,77,Online shopping
3/6/2016,74,Online shopping
3/13/2016,75,Online shopping
3/20/2016,73,Online shopping
3/27/2016,77,Online shopping
4/3/2016,77,Online shopping
4/10/2016,74,Online shopping
4/17/2016,71,Online shopping
4/24/2016,70,Online shopping
5/1/2016,72,Online shopping
5/8/2016,72,Online shopping
5/15/2016,73,Online shopping
5/22/2016,71,Online shopping
5/29/2016,71,Online shopping
6/5/2016,71,Online shopping
6/12/2016,71,Online shopping
6/19/2016,70,Online shopping
6/26/2016,69,Online shopping
7/3/2016,71,Online shopping
7/10/2016,69,Online shopping
7/17/2016,69,Online shopping
7/24/2016,69,Online shopping
7/31/2016,72,Online shopping
8/7/2016,71,Online shopping
8/14/2016,67,Online shopping
8/21/2016,69,Online shopping
8/28/2016,75,Online shopping
9/4/2016,76,Online shopping
9/11/2016,70,Online shopping
9/18/2016,71,Online shopping
9/25/2016,72,Online shopping
10/2/2016,79,Online shopping
10/9/2016,77,Online shopping
10/16/2016,75,Online shopping
10/23/2016,74,Online shopping
10/30/2016,72,Online shopping
11/6/2016,71,Online shopping
11/13/2016,74,Online shopping
11/20/2016,83,Online shopping
11/27/2016,80,Online shopping
12/4/2016,76,Online shopping
12/11/2016,79,Online shopping
12/18/2016,76,Online shopping
12/25/2016,73,Online shopping
1/1/2017,72,Online shopping
1/8/2017,72,Online shopping
1/15/2017,70,Online shopping
1/22/2017,70,Online shopping
1/29/2017,69,Online shopping
2/5/2017,69,Online shopping
2/12/2017,67,Online shopping
2/19/2017,68,Online shopping
2/26/2017,70,Online shopping
3/5/2017,66,Online shopping
3/12/2017,68,Online shopping
3/19/2017,67,Online shopping
3/26/2017,69,Online shopping
4/2/2017,66,Online shopping
4/9/2017,65,Online shopping
4/16/2017,64,Online shopping
4/23/2017,64,Online shopping
4/30/2017,64,Online shopping
5/7/2017,61,Online shopping
5/14/2017,61,Online shopping
5/21/2017,63,Online shopping
5/28/2017,64,Online shopping
6/4/2017,64,Online shopping
6/11/2017,65,Online shopping
6/18/2017,66,Online shopping
6/25/2017,65,Online shopping
7/2/2017,67,Online shopping
7/9/2017,67,Online shopping
7/16/2017,68,Online shopping
7/23/2017,72,Online shopping
7/30/2017,74,Online shopping
8/6/2017,77,Online shopping
8/13/2017,74,Online shopping
8/20/2017,72,Online shopping
8/27/2017,74,Online shopping
9/3/2017,76,Online shopping
9/10/2017,74,Online shopping
9/17/2017,80,Online shopping
9/24/2017,76,Online shopping
10/1/2017,78,Online shopping
10/8/2017,81,Online shopping
10/15/2017,75,Online shopping
10/22/2017,75,Online shopping
10/29/2017,74,Online shopping
11/5/2017,80,Online shopping
11/12/2017,81,Online shopping
11/19/2017,90,Online shopping
11/26/2017,81,Online shopping
12/3/2017,78,Online shopping
12/10/2017,77,Online shopping
12/17/2017,76,Online shopping
12/24/2017,74,Online shopping
12/31/2017,68,Online shopping
1/7/2018,67,Online shopping
1/14/2018,66,Online shopping
1/21/2018,70,Online shopping
1/28/2018,69,Online shopping
2/4/2018,69,Online shopping
2/11/2018,66,Online shopping
2/18/2018,66,Online shopping
2/25/2018,63,Online shopping
3/4/2018,64,Online shopping
3/11/2018,67,Online shopping
3/18/2018,68,Online shopping
3/25/2018,66,Online shopping
4/1/2018,66,Online shopping
4/8/2018,64,Online shopping
4/15/2018,63,Online shopping
4/22/2018,60,Online shopping
4/29/2018,61,Online shopping
5/6/2018,62,Online shopping
5/13/2018,59,Online shopping
5/20/2018,60,Online shopping
6/2/2013,38,Vitruvian Man
6/9/2013,32,Vitruvian Man
6/16/2013,32,Vitruvian Man
6/23/2013,31,Vitruvian Man
6/30/2013,26,Vitruvian Man
7/7/2013,30,Vitruvian Man
7/14/2013,25,Vitruvian Man
7/21/2013,29,Vitruvian Man
7/28/2013,23,Vitruvian Man
8/4/2013,30,Vitruvian Man
8/11/2013,32,Vitruvian Man
8/18/2013,34,Vitruvian Man
8/25/2013,41,Vitruvian Man
9/1/2013,41,Vitruvian Man
9/8/2013,37,Vitruvian Man
9/15/2013,37,Vitruvian Man
9/22/2013,38,Vitruvian Man
9/29/2013,38,Vitruvian Man
10/6/2013,34,Vitruvian Man
10/13/2013,36,Vitruvian Man
10/20/2013,37,Vitruvian Man
10/27/2013,39,Vitruvian Man
11/3/2013,38,Vitruvian Man
11/10/2013,36,Vitruvian Man
11/17/2013,40,Vitruvian Man
11/24/2013,31,Vitruvian Man
12/1/2013,35,Vitruvian Man
12/8/2013,26,Vitruvian Man
12/15/2013,29,Vitruvian Man
12/22/2013,23,Vitruvian Man
12/29/2013,26,Vitruvian Man
1/5/2014,34,Vitruvian Man
1/12/2014,39,Vitruvian Man
1/19/2014,31,Vitruvian Man
1/26/2014,35,Vitruvian Man
2/2/2014,35,Vitruvian Man
2/9/2014,36,Vitruvian Man
2/16/2014,43,Vitruvian Man
2/23/2014,36,Vitruvian Man
3/2/2014,37,Vitruvian Man
3/9/2014,37,Vitruvian Man
3/16/2014,40,Vitruvian Man
3/23/2014,37,Vitruvian Man
3/30/2014,39,Vitruvian Man
4/6/2014,36,Vitruvian Man
4/13/2014,30,Vitruvian Man
4/20/2014,32,Vitruvian Man
4/27/2014,30,Vitruvian Man
5/4/2014,35,Vitruvian Man
5/11/2014,36,Vitruvian Man
5/18/2014,34,Vitruvian Man
5/25/2014,38,Vitruvian Man
6/1/2014,38,Vitruvian Man
6/8/2014,31,Vitruvian Man
6/15/2014,31,Vitruvian Man
6/22/2014,22,Vitruvian Man
6/29/2014,27,Vitruvian Man
7/6/2014,25,Vitruvian Man
7/13/2014,24,Vitruvian Man
7/20/2014,24,Vitruvian Man
7/27/2014,27,Vitruvian Man
8/3/2014,31,Vitruvian Man
8/10/2014,27,Vitruvian Man
8/17/2014,27,Vitruvian Man
8/24/2014,38,Vitruvian Man
8/31/2014,32,Vitruvian Man
9/7/2014,35,Vitruvian Man
9/14/2014,38,Vitruvian Man
9/21/2014,38,Vitruvian Man
9/28/2014,34,Vitruvian Man
10/5/2014,37,Vitruvian Man
10/12/2014,34,Vitruvian Man
10/19/2014,32,Vitruvian Man
10/26/2014,30,Vitruvian Man
11/2/2014,37,Vitruvian Man
11/9/2014,38,Vitruvian Man
11/16/2014,30,Vitruvian Man
11/23/2014,30,Vitruvian Man
11/30/2014,31,Vitruvian Man
12/7/2014,32,Vitruvian Man
12/14/2014,27,Vitruvian Man
12/21/2014,21,Vitruvian Man
12/28/2014,22,Vitruvian Man
1/4/2015,100,Vitruvian Man
1/11/2015,29,Vitruvian Man
1/18/2015,30,Vitruvian Man
1/25/2015,27,Vitruvian Man
2/1/2015,30,Vitruvian Man
2/8/2015,54,Vitruvian Man
2/15/2015,41,Vitruvian Man
2/22/2015,33,Vitruvian Man
3/1/2015,38,Vitruvian Man
3/8/2015,36,Vitruvian Man
3/15/2015,37,Vitruvian Man
3/22/2015,42,Vitruvian Man
3/29/2015,28,Vitruvian Man
4/5/2015,34,Vitruvian Man
4/12/2015,40,Vitruvian Man
4/19/2015,40,Vitruvian Man
4/26/2015,34,Vitruvian Man
5/3/2015,35,Vitruvian Man
5/10/2015,34,Vitruvian Man
5/17/2015,39,Vitruvian Man
5/24/2015,36,Vitruvian Man
5/31/2015,35,Vitruvian Man
6/7/2015,32,Vitruvian Man
6/14/2015,40,Vitruvian Man
6/21/2015,31,Vitruvian Man
6/28/2015,25,Vitruvian Man
7/5/2015,30,Vitruvian Man
7/12/2015,30,Vitruvian Man
7/19/2015,23,Vitruvian Man
7/26/2015,24,Vitruvian Man
8/2/2015,25,Vitruvian Man
8/9/2015,26,Vitruvian Man
8/16/2015,36,Vitruvian Man
8/23/2015,34,Vitruvian Man
8/30/2015,34,Vitruvian Man
9/6/2015,34,Vitruvian Man
9/13/2015,30,Vitruvian Man
9/20/2015,44,Vitruvian Man
9/27/2015,34,Vitruvian Man
10/4/2015,31,Vitruvian Man
10/11/2015,35,Vitruvian Man
10/18/2015,39,Vitruvian Man
10/25/2015,31,Vitruvian Man
11/1/2015,34,Vitruvian Man
11/8/2015,31,Vitruvian Man
11/15/2015,34,Vitruvian Man
11/22/2015,35,Vitruvian Man
11/29/2015,29,Vitruvian Man
12/6/2015,29,Vitruvian Man
12/13/2015,28,Vitruvian Man
12/20/2015,19,Vitruvian Man
12/27/2015,21,Vitruvian Man
1/3/2016,24,Vitruvian Man
1/10/2016,28,Vitruvian Man
1/17/2016,29,Vitruvian Man
1/24/2016,28,Vitruvian Man
1/31/2016,33,Vitruvian Man
2/7/2016,26,Vitruvian Man
2/14/2016,26,Vitruvian Man
2/21/2016,27,Vitruvian Man
2/28/2016,26,Vitruvian Man
3/6/2016,30,Vitruvian Man
3/13/2016,29,Vitruvian Man
3/20/2016,26,Vitruvian Man
3/27/2016,38,Vitruvian Man
4/3/2016,35,Vitruvian Man
4/10/2016,34,Vitruvian Man
4/17/2016,32,Vitruvian Man
4/24/2016,33,Vitruvian Man
5/1/2016,30,Vitruvian Man
5/8/2016,36,Vitruvian Man
5/15/2016,31,Vitruvian Man
5/22/2016,32,Vitruvian Man
5/29/2016,38,Vitruvian Man
6/5/2016,31,Vitruvian Man
6/12/2016,30,Vitruvian Man
6/19/2016,37,Vitruvian Man
6/26/2016,25,Vitruvian Man
7/3/2016,22,Vitruvian Man
7/10/2016,26,Vitruvian Man
7/17/2016,21,Vitruvian Man
7/24/2016,24,Vitruvian Man
7/31/2016,20,Vitruvian Man
8/7/2016,23,Vitruvian Man
8/14/2016,25,Vitruvian Man
8/21/2016,31,Vitruvian Man
8/28/2016,28,Vitruvian Man
9/4/2016,30,Vitruvian Man
9/11/2016,34,Vitruvian Man
9/18/2016,36,Vitruvian Man
9/25/2016,31,Vitruvian Man
10/2/2016,36,Vitruvian Man
10/9/2016,33,Vitruvian Man
10/16/2016,31,Vitruvian Man
10/23/2016,27,Vitruvian Man
10/30/2016,28,Vitruvian Man
11/6/2016,30,Vitruvian Man
11/13/2016,27,Vitruvian Man
11/20/2016,27,Vitruvian Man
11/27/2016,27,Vitruvian Man
12/4/2016,28,Vitruvian Man
12/11/2016,28,Vitruvian Man
12/18/2016,20,Vitruvian Man
12/25/2016,19,Vitruvian Man
1/1/2017,21,Vitruvian Man
1/8/2017,30,Vitruvian Man
1/15/2017,30,Vitruvian Man
1/22/2017,30,Vitruvian Man
1/29/2017,32,Vitruvian Man
2/5/2017,27,Vitruvian Man
2/12/2017,26,Vitruvian Man
2/19/2017,32,Vitruvian Man
2/26/2017,31,Vitruvian Man
3/5/2017,37,Vitruvian Man
3/12/2017,30,Vitruvian Man
3/19/2017,28,Vitruvian Man
3/26/2017,30,Vitruvian Man
4/2/2017,26,Vitruvian Man
4/9/2017,32,Vitruvian Man
4/16/2017,33,Vitruvian Man
4/23/2017,32,Vitruvian Man
4/30/2017,38,Vitruvian Man
5/7/2017,37,Vitruvian Man
5/14/2017,32,Vitruvian Man
5/21/2017,29,Vitruvian Man
5/28/2017,24,Vitruvian Man
6/4/2017,27,Vitruvian Man
6/11/2017,27,Vitruvian Man
6/18/2017,26,Vitruvian Man
6/25/2017,59,Vitruvian Man
7/2/2017,25,Vitruvian Man
7/9/2017,28,Vitruvian Man
7/16/2017,24,Vitruvian Man
7/23/2017,24,Vitruvian Man
7/30/2017,37,Vitruvian Man
8/6/2017,24,Vitruvian Man
8/13/2017,25,Vitruvian Man
8/20/2017,28,Vitruvian Man
8/27/2017,29,Vitruvian Man
9/3/2017,31,Vitruvian Man
9/10/2017,35,Vitruvian Man
9/17/2017,32,Vitruvian Man
9/24/2017,32,Vitruvian Man
10/1/2017,33,Vitruvian Man
10/8/2017,31,Vitruvian Man
10/15/2017,34,Vitruvian Man
10/22/2017,33,Vitruvian Man
10/29/2017,29,Vitruvian Man
11/5/2017,30,Vitruvian Man
11/12/2017,43,Vitruvian Man
11/19/2017,34,Vitruvian Man
11/26/2017,32,Vitruvian Man
12/3/2017,31,Vitruvian Man
12/10/2017,28,Vitruvian Man
12/17/2017,24,Vitruvian Man
12/24/2017,22,Vitruvian Man
12/31/2017,25,Vitruvian Man
1/7/2018,28,Vitruvian Man
1/14/2018,25,Vitruvian Man
1/21/2018,31,Vitruvian Man
1/28/2018,30,Vitruvian Man
2/4/2018,26,Vitruvian Man
2/11/2018,28,Vitruvian Man
2/18/2018,29,Vitruvian Man
2/25/2018,44,Vitruvian Man
3/4/2018,46,Vitruvian Man
3/11/2018,34,Vitruvian Man
3/18/2018,30,Vitruvian Man
3/25/2018,31,Vitruvian Man
4/1/2018,28,Vitruvian Man
4/8/2018,29,Vitruvian Man
4/15/2018,30,Vitruvian Man
4/22/2018,29,Vitruvian Man
4/29/2018,28,Vitruvian Man
5/6/2018,29,Vitruvian Man
5/13/2018,33,Vitruvian Man
5/20/2018,32,Vitruvian Man
6/2/2013,1,Jake Paul
6/9/2013,1,Jake Paul
6/16/2013,1,Jake Paul
6/23/2013,1,Jake Paul
6/30/2013,0,Jake Paul
7/7/2013,1,Jake Paul
7/14/2013,1,Jake Paul
7/21/2013,1,Jake Paul
7/28/2013,1,Jake Paul
8/4/2013,1,Jake Paul
8/11/2013,1,Jake Paul
8/18/2013,1,Jake Paul
8/25/2013,1,Jake Paul
9/1/2013,1,Jake Paul
9/8/2013,1,Jake Paul
9/15/2013,1,Jake Paul
9/22/2013,1,Jake Paul
9/29/2013,1,Jake Paul
10/6/2013,1,Jake Paul
10/13/2013,1,Jake Paul
10/20/2013,1,Jake Paul
10/27/2013,1,Jake Paul
11/3/2013,1,Jake Paul
11/10/2013,1,Jake Paul
11/17/2013,1,Jake Paul
11/24/2013,1,Jake Paul
12/1/2013,1,Jake Paul
12/8/2013,1,Jake Paul
12/15/2013,1,Jake Paul
12/22/2013,1,Jake Paul
12/29/2013,1,Jake Paul
1/5/2014,1,Jake Paul
1/12/2014,1,Jake Paul
1/19/2014,1,Jake Paul
1/26/2014,1,Jake Paul
2/2/2014,1,Jake Paul
2/9/2014,1,Jake Paul
2/16/2014,1,Jake Paul
2/23/2014,1,Jake Paul
3/2/2014,1,Jake Paul
3/9/2014,1,Jake Paul
3/16/2014,1,Jake Paul
3/23/2014,1,Jake Paul
3/30/2014,1,Jake Paul
4/6/2014,1,Jake Paul
4/13/2014,1,Jake Paul
4/20/2014,1,Jake Paul
4/27/2014,1,Jake Paul
5/4/2014,1,Jake Paul
5/11/2014,1,Jake Paul
5/18/2014,1,Jake Paul
5/25/2014,1,Jake Paul
6/1/2014,1,Jake Paul
6/8/2014,1,Jake Paul
6/15/2014,1,Jake Paul
6/22/2014,1,Jake Paul
6/29/2014,1,Jake Paul
7/6/2014,1,Jake Paul
7/13/2014,1,Jake Paul
7/20/2014,1,Jake Paul
7/27/2014,1,Jake Paul
8/3/2014,1,Jake Paul
8/10/2014,1,Jake Paul
8/17/2014,1,Jake Paul
8/24/2014,1,Jake Paul
8/31/2014,1,Jake Paul
9/7/2014,1,Jake Paul
9/14/2014,1,Jake Paul
9/21/2014,1,Jake Paul
9/28/2014,1,Jake Paul
10/5/2014,1,Jake Paul
10/12/2014,1,Jake Paul
10/19/2014,1,Jake Paul
10/26/2014,1,Jake Paul
11/2/2014,1,Jake Paul
11/9/2014,1,Jake Paul
11/16/2014,1,Jake Paul
11/23/2014,1,Jake Paul
11/30/2014,1,Jake Paul
12/7/2014,1,Jake Paul
12/14/2014,1,Jake Paul
12/21/2014,1,Jake Paul
12/28/2014,1,Jake Paul
1/4/2015,1,Jake Paul
1/11/2015,1,Jake Paul
1/18/2015,1,Jake Paul
1/25/2015,1,Jake Paul
2/1/2015,1,Jake Paul
2/8/2015,1,Jake Paul
2/15/2015,1,Jake Paul
2/22/2015,1,Jake Paul
3/1/2015,1,Jake Paul
3/8/2015,1,Jake Paul
3/15/2015,1,Jake Paul
3/22/2015,1,Jake Paul
3/29/2015,1,Jake Paul
4/5/2015,1,Jake Paul
4/12/2015,1,Jake Paul
4/19/2015,1,Jake Paul
4/26/2015,1,Jake Paul
5/3/2015,1,Jake Paul
5/10/2015,1,Jake Paul
5/17/2015,1,Jake Paul
5/24/2015,1,Jake Paul
5/31/2015,1,Jake Paul
6/7/2015,1,Jake Paul
6/14/2015,1,Jake Paul
6/21/2015,1,Jake Paul
6/28/2015,1,Jake Paul
7/5/2015,1,Jake Paul
7/12/2015,1,Jake Paul
7/19/2015,1,Jake Paul
7/26/2015,1,Jake Paul
8/2/2015,1,Jake Paul
8/9/2015,1,Jake Paul
8/16/2015,1,Jake Paul
8/23/2015,1,Jake Paul
8/30/2015,1,Jake Paul
9/6/2015,1,Jake Paul
9/13/2015,1,Jake Paul
9/20/2015,1,Jake Paul
9/27/2015,1,Jake Paul
10/4/2015,1,Jake Paul
10/11/2015,1,Jake Paul
10/18/2015,1,Jake Paul
10/25/2015,1,Jake Paul
11/1/2015,1,Jake Paul
11/8/2015,1,Jake Paul
11/15/2015,1,Jake Paul
11/22/2015,1,Jake Paul
11/29/2015,1,Jake Paul
12/6/2015,1,Jake Paul
12/13/2015,1,Jake Paul
12/20/2015,1,Jake Paul
12/27/2015,1,Jake Paul
1/3/2016,1,Jake Paul
1/10/2016,1,Jake Paul
1/17/2016,1,Jake Paul
1/24/2016,1,Jake Paul
1/31/2016,1,Jake Paul
2/7/2016,1,Jake Paul
2/14/2016,1,Jake Paul
2/21/2016,1,Jake Paul
2/28/2016,1,Jake Paul
3/6/2016,1,Jake Paul
3/13/2016,1,Jake Paul
3/20/2016,1,Jake Paul
3/27/2016,1,Jake Paul
4/3/2016,1,Jake Paul
4/10/2016,1,Jake Paul
4/17/2016,1,Jake Paul
4/24/2016,1,Jake Paul
5/1/2016,1,Jake Paul
5/8/2016,1,Jake Paul
5/15/2016,1,Jake Paul
5/22/2016,1,Jake Paul
5/29/2016,1,Jake Paul
6/5/2016,1,Jake Paul
6/12/2016,1,Jake Paul
6/19/2016,1,Jake Paul
6/26/2016,1,Jake Paul
7/3/2016,1,Jake Paul
7/10/2016,1,Jake Paul
7/17/2016,1,Jake Paul
7/24/2016,1,Jake Paul
7/31/2016,1,Jake Paul
8/7/2016,1,Jake Paul
8/14/2016,1,Jake Paul
8/21/2016,1,Jake Paul
8/28/2016,1,Jake Paul
9/4/2016,1,Jake Paul
9/11/2016,1,Jake Paul
9/18/2016,1,Jake Paul
9/25/2016,1,Jake Paul
10/2/2016,1,Jake Paul
10/9/2016,1,Jake Paul
10/16/2016,1,Jake Paul
10/23/2016,2,Jake Paul
10/30/2016,1,Jake Paul
11/6/2016,1,Jake Paul
11/13/2016,1,Jake Paul
11/20/2016,2,Jake Paul
11/27/2016,2,Jake Paul
12/4/2016,2,Jake Paul
12/11/2016,2,Jake Paul
12/18/2016,3,Jake Paul
12/25/2016,3,Jake Paul
1/1/2017,4,Jake Paul
1/8/2017,4,Jake Paul
1/15/2017,4,Jake Paul
1/22/2017,3,Jake Paul
1/29/2017,3,Jake Paul
2/5/2017,4,Jake Paul
2/12/2017,4,Jake Paul
2/19/2017,10,Jake Paul
2/26/2017,6,Jake Paul
3/5/2017,5,Jake Paul
3/12/2017,6,Jake Paul
3/19/2017,6,Jake Paul
3/26/2017,8,Jake Paul
4/2/2017,12,Jake Paul
4/9/2017,15,Jake Paul
4/16/2017,15,Jake Paul
4/23/2017,13,Jake Paul
4/30/2017,16,Jake Paul
5/7/2017,15,Jake Paul
5/14/2017,15,Jake Paul
5/21/2017,17,Jake Paul
5/28/2017,26,Jake Paul
6/4/2017,47,Jake Paul
6/11/2017,44,Jake Paul
6/18/2017,49,Jake Paul
6/25/2017,48,Jake Paul
7/2/2017,41,Jake Paul
7/9/2017,47,Jake Paul
7/16/2017,70,Jake Paul
7/23/2017,100,Jake Paul
7/30/2017,61,Jake Paul
8/6/2017,86,Jake Paul
8/13/2017,86,Jake Paul
8/20/2017,79,Jake Paul
8/27/2017,54,Jake Paul
9/3/2017,43,Jake Paul
9/10/2017,38,Jake Paul
9/17/2017,36,Jake Paul
9/24/2017,32,Jake Paul
10/1/2017,34,Jake Paul
10/8/2017,34,Jake Paul
10/15/2017,33,Jake Paul
10/22/2017,39,Jake Paul
10/29/2017,29,Jake Paul
11/5/2017,30,Jake Paul
11/12/2017,39,Jake Paul
11/19/2017,38,Jake Paul
11/26/2017,34,Jake Paul
12/3/2017,34,Jake Paul
12/10/2017,31,Jake Paul
12/17/2017,33,Jake Paul
12/24/2017,30,Jake Paul
12/31/2017,64,Jake Paul
1/7/2018,38,Jake Paul
1/14/2018,29,Jake Paul
1/21/2018,20,Jake Paul
1/28/2018,19,Jake Paul
2/4/2018,25,Jake Paul
2/11/2018,19,Jake Paul
2/18/2018,19,Jake Paul
2/25/2018,18,Jake Paul
3/4/2018,14,Jake Paul
3/11/2018,16,Jake Paul
3/18/2018,17,Jake Paul
3/25/2018,18,Jake Paul
4/1/2018,20,Jake Paul
4/8/2018,17,Jake Paul
4/15/2018,15,Jake Paul
4/22/2018,16,Jake Paul
4/29/2018,14,Jake Paul
5/6/2018,13,Jake Paul
5/13/2018,15,Jake Paul
5/20/2018,14,Jake Paul
1/1/2013,97.44951933,Example
1/8/2013,97.82882017,Example
1/15/2013,98.17822848,Example
1/22/2013,98.49752589,Example
1/29/2013,98.78651285,Example
2/5/2013,99.04500876,Example
2/12/2013,99.27285205,Example
2/19/2013,99.46990034,Example
2/26/2013,99.63603048,Example
3/5/2013,99.77113864,Example
3/12/2013,99.87514038,Example
3/19/2013,99.94797071,Example
3/26/2013,99.9895841,Example
4/2/2013,99.99995456,Example
4/9/2013,99.9790756,Example
4/16/2013,99.92696027,Example
4/23/2013,99.84364114,Example
4/30/2013,99.72917028,Example
5/7/2013,99.58361923,Example
5/14/2013,99.40707896,Example
5/21/2013,99.1996598,Example
5/28/2013,98.96149137,Example
6/4/2013,98.69272254,Example
6/11/2013,98.39352126,Example
6/18/2013,98.06407453,Example
6/25/2013,97.70458824,Example
7/2/2013,97.31528706,Example
7/9/2013,96.8964143,Example
7/16/2013,96.44823172,Example
7/23/2013,95.97101944,Example
7/30/2013,95.46507569,Example
8/6/2013,94.93071668,Example
8/13/2013,94.36827635,Example
8/20/2013,93.77810622,Example
8/27/2013,93.16057512,Example
9/3/2013,92.516069,Example
9/10/2013,91.84499064,Example
9/17/2013,91.14775944,Example
9/24/2013,90.42481116,Example
10/1/2013,89.67659762,Example
10/8/2013,88.90358642,Example
10/15/2013,88.10626066,Example
10/22/2013,87.28511866,Example
10/29/2013,86.4406736,Example
11/5/2013,85.57345323,Example
11/12/2013,84.68399954,Example
11/19/2013,83.77286839,Example
11/26/2013,82.84062923,Example
12/3/2013,81.88786467,Example
12/10/2013,80.91517016,Example
12/17/2013,79.9231536,Example
12/24/2013,78.91243496,Example
12/31/2013,77.88364592,Example
1/7/2014,76.83742943,Example
1/14/2014,75.77443935,Example
1/21/2014,74.69534,Example
1/28/2014,73.6008058,Example
2/4/2014,72.49152079,Example
2/11/2014,71.36817823,Example
2/18/2014,70.23148018,Example
2/25/2014,69.08213704,Example
3/4/2014,67.92086711,Example
3/11/2014,66.74839615,Example
3/18/2014,65.56545691,Example
3/25/2014,64.37278869,Example
4/1/2014,63.17113687,Example
4/8/2014,61.96125244,Example
4/15/2014,60.74389155,Example
4/22/2014,59.51981499,Example
4/29/2014,58.28978779,Example
5/6/2014,57.05457866,Example
5/13/2014,55.81495958,Example
5/20/2014,54.57170526,Example
5/27/2014,53.3255927,Example
6/3/2014,52.07740067,Example
6/10/2014,50.82790927,Example
6/17/2014,49.57789937,Example
6/24/2014,48.32815219,Example
7/1/2014,47.07944879,Example
7/8/2014,45.83256957,Example
7/15/2014,44.58829378,Example
7/22/2014,43.34739905,Example
7/29/2014,42.11066091,Example
8/5/2014,40.87885227,Example
8/12/2014,39.65274298,Example
8/19/2014,38.43309931,Example
8/26/2014,37.2206835,Example
9/2/2014,36.01625327,Example
9/9/2014,34.82056136,Example
9/16/2014,33.63435502,Example
9/23/2014,32.4583756,Example
9/30/2014,31.29335806,Example
10/7/2014,30.14003048,Example
10/14/2014,28.99911366,Example
10/21/2014,27.87132063,Example
10/28/2014,26.75735624,Example
11/4/2014,25.65791666,Example
11/11/2014,24.57368902,Example
11/18/2014,23.50535092,Example
11/25/2014,22.45357004,Example
12/2/2014,21.41900371,Example
12/9/2014,20.40229849,Example
12/16/2014,19.40408979,Example
12/23/2014,18.42500147,Example
12/30/2014,17.46564543,Example
1/6/2015,16.52662121,Example
1/13/2015,15.6085157,Example
1/20/2015,14.71190267,Example
1/27/2015,13.83734247,Example
2/3/2015,12.98538169,Example
2/10/2015,12.15655276,Example
2/17/2015,11.35137367,Example
2/24/2015,10.57034765,Example
3/3/2015,9.813962797,Example
3/10/2015,9.082691837,Example
3/17/2015,8.376991787,Example
3/24/2015,7.697303686,Example
3/31/2015,7.044052319,Example
4/7/2015,6.417645946,Example
4/14/2015,5.81847605,Example
4/21/2015,5.246917093,Example
4/28/2015,4.703326281,Example
5/5/2015,4.18804334,Example
5/12/2015,3.701390305,Example
5/19/2015,3.24367132,Example
5/26/2015,2.815172442,Example
6/2/2015,2.416161471,Example
6/9/2015,2.046887774,Example
6/16/2015,1.707582137,Example
6/23/2015,1.398456613,Example
6/30/2015,1.119704397,Example
7/7/2015,0.871499699,Example
7/14/2015,0.65399764,Example
7/21/2015,0.46733415,Example
7/28/2015,0.311625889,Example
8/4/2015,0.186970169,Example
8/11/2015,0.093444896,Example
8/18/2015,0.03110852,Example
8/25/2015,0,Example
9/1/2015,0.000138777,Example
9/8/2015,0.031524764,Example
9/15/2015,0.094138347,Example
9/22/2015,0.187940393,Example
9/29/2015,0.31287228,Example
10/6/2015,0.468855929,Example
10/13/2015,0.655793855,Example
10/20/2015,0.873569229,Example
10/27/2015,1.122045948,Example
11/3/2015,1.401068722,Example
11/10/2015,1.71046317,Example
11/17/2015,2.050035932,Example
11/24/2015,2.419574786,Example
12/1/2015,2.818848781,Example
12/8/2015,3.247608385,Example
12/15/2015,3.705585636,Example
12/22/2015,4.192494314,Example
12/29/2015,4.708030117,Example
1/5/2016,5.251870852,Example
1/12/2016,5.823676635,Example
1/19/2016,6.423090107,Example
1/26/2016,7.049736654,Example
2/2/2016,7.703224643,Example
2/9/2016,8.383145664,Example
2/16/2016,9.089074789,Example
2/23/2016,9.820570835,Example
3/1/2016,10.57717664,Example
3/8/2016,11.35841935,Example
3/15/2016,12.16381072,Example
3/22/2016,12.9928474,Example
3/29/2016,13.84501127,Example
4/5/2016,14.71976975,Example
4/12/2016,15.61657616,Example
4/19/2016,16.53487001,Example
4/26/2016,17.4740774,Example
5/3/2016,18.43361136,Example
5/10/2016,19.41287221,Example
5/17/2016,20.41124795,Example
5/24/2016,21.42811461,Example
5/31/2016,22.4628367,Example
6/7/2016,23.51476755,Example
6/14/2016,24.58324972,Example
6/21/2016,25.66761547,Example
6/28/2016,26.76718708,Example
7/5/2016,27.88127738,Example
7/12/2016,29.00919008,Example
7/19/2016,30.15022028,Example
7/26/2016,31.30365486,Example
8/2/2016,32.46877298,Example
8/9/2016,33.64484647,Example
8/16/2016,34.83114033,Example
8/23/2016,36.02691315,Example
8/30/2016,37.23141762,Example
9/6/2016,38.44390097,Example
9/13/2016,39.66360542,Example
9/20/2016,40.88976872,Example
9/27/2016,42.12162453,Example
10/4/2016,43.35840299,Example
10/11/2016,44.59933117,Example
10/18/2016,45.84363351,Example
10/25/2016,47.09053237,Example
11/1/2016,48.33924847,Example
11/8/2016,49.58900142,Example
11/15/2016,50.83901015,Example
11/22/2016,52.08849345,Example
11/29/2016,53.33667044,Example
12/6/2016,54.58276104,Example
12/13/2016,55.82598649,Example
12/20/2016,57.06556981,Example
12/27/2016,58.30073631,Example
1/3/2017,59.53071404,Example
1/10/2017,60.75473431,Example
1/17/2017,61.97203214,Example
1/24/2017,63.18184677,Example
1/31/2017,64.3834221,Example
2/7/2017,65.57600719,Example
2/14/2017,66.7588567,Example
2/21/2017,67.93123139,Example
2/28/2017,69.09239858,Example
3/7/2017,70.24163256,Example
3/14/2017,71.3782151,Example
3/21/2017,72.50143588,Example
3/28/2017,73.61059292,Example
4/4/2017,74.70499304,Example
4/11/2017,75.78395226,Example
4/18/2017,76.84679628,Example
4/25/2017,77.89286084,Example
5/2/2017,78.9214922,Example
5/9/2017,79.9320475,Example
5/16/2017,80.92389516,Example
5/23/2017,81.89641533,Example
5/30/2017,82.84900019,Example
6/6/2017,83.78105442,Example
6/13/2017,84.69199552,Example
6/20/2017,85.58125418,Example
6/27/2017,86.44827463,Example
7/4/2017,87.29251503,Example
7/11/2017,88.11344774,Example
7/18/2017,88.91055971,Example
7/25/2017,89.68335278,Example
8/1/2017,90.43134396,Example
8/8/2017,91.1540658,Example
8/15/2017,91.85106661,Example
8/22/2017,92.52191078,Example
8/29/2017,93.16617908,Example
9/5/2017,93.78346884,Example
9/12/2017,94.37339428,Example
9/19/2017,94.93558673,Example
9/26/2017,95.46969481,Example
10/3/2017,95.97538475,Example
10/10/2017,96.45234048,Example
10/17/2017,96.90026395,Example
10/24/2017,97.3188752,Example
10/31/2017,97.70791261,Example
11/7/2017,98.06713306,Example
11/14/2017,98.39631204,Example
11/21/2017,98.69524383,Example
11/28/2017,98.9637416,Example
12/5/2017,99.20163755,Example
12/12/2017,99.408783,Example
12/19/2017,99.58504849,Example
12/26/2017,99.73032387,Example
1/2/2018,99.84451834,Example
1/9/2018,99.92756054,Example
1/16/2018,99.97939855,Example
1/23/2018,100,Example
1/30/2018,99.989352,Example
2/6/2018,99.9474612,Example
2/13/2018,99.87435379,Example
2/20/2018,99.77007546,Example
2/27/2018,99.63469138,Example
3/6/2018,99.46828616,Example
3/13/2018,99.27096379,Example
3/20/2018,99.0428476,Example
3/27/2018,98.78408014,Example
4/3/2018,98.49482316,Example
4/10/2018,98.17525741,Example
4/17/2018,97.82558261,Example
4/24/2018,97.44601731,Example
5/1/2018,97.03679872,Example
5/8/2018,96.59818259,Example
5/15/2018,96.13044303,Example
5/22/2018,95.63387237,Example
5/29/2018,95.10878095,Example
